SAMPID,AGE_MID,PRED_AGE,ABS_ERR
GTEX-ZT9W-2226-SM-57WFU,55.0,41.33223,13.667769999999997
GTEX-P4QT-0008-SM-48TDZ,55.0,68.26547,13.265469999999993
GTEX-1J8Q3-2126-SM-ARU8O,65.0,49.7413,15.258699999999997
GTEX-11NSD-0008-SM-5Q5BC,25.0,38.963757,13.963757000000001
GTEX-1J1OQ-0006-SM-HK78Y,45.0,62.385063,17.385063000000002
GTEX-146FQ-0426-SM-5NQBA,35.0,48.605,13.604999999999997
GTEX-14JG1-1926-SM-HM8T7,45.0,61.054874,16.054873999999998
GTEX-1N5O9-1226-SM-HAUYN,65.0,53.458733,11.541266999999998
GTEX-11DXZ-2526-SM-5N9BG,55.0,38.51257,16.487430000000003
GTEX-XYKS-0002-SM-4BRWN,65.0,41.34358,23.656419999999997
GTEX-QLQW-0126-SM-447BK,35.0,47.103775,12.103774999999999
GTEX-1KD4Q-0326-SM-E9TJA,45.0,56.370667,11.370666999999997
GTEX-11UD2-0008-SM-5S2P7,55.0,67.6643,12.664299999999997
GTEX-1QP66-1626-SM-E76PC,55.0,42.013123,12.986877
GTEX-1MUQO-2326-SM-HK78O,65.0,53.836624,11.163376
GTEX-1CB4I-0006-SM-A96RF,55.0,41.227142,13.772858
GTEX-11EM3-0005-SM-5N9DK,25.0,42.041103,17.041103
GTEX-12WSE-1126-SM-7DUEH,25.0,38.17941,13.179409999999997
GTEX-18D9U-0006-SM-7SB6M,45.0,57.51245,12.512450000000001
GTEX-1JKYR-0126-SM-CNPOJ,25.0,37.566956,12.566955999999998
GTEX-PWCY-0526-SM-5P9HG,25.0,40.289894,15.289893999999997
GTEX-ZLV1-2126-SM-4WWD2,65.0,46.89118,18.10882
GTEX-15RJE-0526-SM-6PAMN,45.0,59.606953,14.606952999999997
GTEX-1IDJH-2926-SM-C1YQ5,75.0,51.416317,23.583683
GTEX-13PL6-0011-R5b-SM-5O9BI,45.0,62.00707,17.00707
GTEX-RVPV-0008-SM-47JYW,65.0,42.81761,22.182389999999998
GTEX-15G1A-0126-SM-GNTCJ,35.0,48.10956,13.109560000000002
GTEX-X585-2526-SM-4QAS1,55.0,67.796936,12.796936000000002
GTEX-1LBAC-0126-SM-DIPEZ,25.0,37.544403,12.544403000000003
GTEX-1GF9W-1326-SM-7P8PX,65.0,50.335125,14.664875000000002
GTEX-1CB4E-0526-SM-7MXTK,65.0,52.697975,12.302025
GTEX-1PDJ9-1826-SM-E9U66,25.0,37.210365,12.210365000000003
GTEX-1PBJI-1326-SM-E9J2V,25.0,39.257763,14.257762999999997
GTEX-1I6K6-1826-SM-B2LX5,35.0,46.164276,11.164276000000001
GTEX-1PIIG-0006-SM-DLZQF,35.0,48.851944,13.851944000000003
GTEX-WHWD-0005-SM-3LK7D,55.0,40.294804,14.705196
GTEX-13N1W-0126-SM-5K7VT,75.0,56.920265,18.079735
GTEX-POMQ-0008-SM-48TE7,25.0,48.94753,23.94753
GTEX-1OJC3-0001-SM-HM8SW,25.0,46.954735,21.954735
GTEX-1H1CY-0326-SM-9QEIZ,65.0,53.88315,11.11685
GTEX-1EX96-2726-SM-7SB88,55.0,67.72137,12.721369999999993
GTEX-R3RS-0008-SM-48FF1,45.0,59.15016,14.15016
GTEX-XBEW-0126-SM-4AT66,45.0,59.215946,14.215946000000002
GTEX-1QP6S-1526-SM-EXUSG,45.0,59.519844,14.519843999999999
GTEX-1MJK2-1026-SM-GNIPF,55.0,42.89509,12.104909999999997
GTEX-ZLFU-1826-SM-4WWBV,45.0,58.77298,13.772979999999997
GTEX-1JMOU-0226-SM-CNNPD,65.0,53.721066,11.278934
GTEX-13W3W-0426-SM-5MR6E,65.0,53.04504,11.95496
GTEX-12BJ1-0008-SM-5TDBZ,65.0,45.438927,19.561073
GTEX-XGQ4-0426-SM-4AT4I,55.0,41.44396,13.556040000000003
GTEX-14JIY-3326-SM-6871E,65.0,46.425243,18.574756999999998
GTEX-WRHU-2926-SM-4MVNQ,55.0,38.853615,16.146385000000002
GTEX-1B8L1-1326-SM-7MKG6,65.0,52.104843,12.895156999999998
GTEX-13JVG-3026-SM-5IJEV,65.0,50.42688,14.573120000000003
GTEX-15G1A-0006-SM-7PC1Z,35.0,49.34974,14.349739999999997
GTEX-11TT1-2326-SM-5GU6N,25.0,41.596756,16.596756
GTEX-1PBJI-0726-SM-EXUSQ,25.0,40.976917,15.976917
GTEX-ZTPG-1926-SM-HAUZ1,25.0,47.088226,22.088226
GTEX-16YQH-0006-SM-7P8OQ,35.0,48.470825,13.470824999999998
GTEX-1H3VE-0326-SM-9YFLH,45.0,62.299652,17.299652000000002
GTEX-1MA7W-1026-SM-DKPQK,25.0,44.815002,19.815002
GTEX-15CHQ-2226-SM-HAUY2,65.0,53.174335,11.825665
GTEX-1PBJJ-0126-SM-GPIAI,35.0,46.820915,11.820915
GTEX-1S82P-0008-SM-HPAF6,65.0,46.938965,18.061034999999997
GTEX-O5YT-1826-SM-32PK9,25.0,36.053486,11.053486
GTEX-1MUQO-0005-SM-DKPPT,65.0,47.487633,17.512366999999998
GTEX-12584-0011-R9b-SM-GI4WC,45.0,56.34607,11.346069999999997
GTEX-1GN2E-2026-SM-9JGGG,65.0,50.110825,14.889175000000002
GTEX-1A3MV-0008-SM-EAZDA,35.0,46.7882,11.788200000000003
GTEX-13NYS-0626-SM-5L3F1,65.0,52.318394,12.681606000000002
GTEX-XPVG-2826-SM-4B66J,55.0,73.555374,18.555374
GTEX-WFG7-0001-SM-3P61S,25.0,41.93416,16.93416
GTEX-1AX8Z-0826-SM-7DUFZ,65.0,50.08011,14.919890000000002
GTEX-18A66-2425-B-SM-DLZQR,65.0,48.9879,16.012099999999997
GTEX-12WSF-1526-SM-6PAN6,75.0,53.27645,21.723550000000003
GTEX-1IKOE-1326-SM-CE6T6,35.0,50.52491,15.524909999999998
GTEX-XQ3S-1626-SM-4WAYN,25.0,39.88436,14.884360000000001
GTEX-RU72-0008-SM-46MV8,55.0,34.773705,20.226295
GTEX-1KANA-1126-SM-D3L9M,25.0,45.15107,20.151069999999997
GTEX-14E7W-3126-SM-68725,75.0,60.69964,14.300359999999998
GTEX-SE5C-0626-SM-2XCDV,45.0,58.45795,13.457949999999997
GTEX-1HCU9-0826-SM-GA8ZD,25.0,40.572437,15.572437
GTEX-P4QT-0226-SM-3LK68,55.0,68.08632,13.08632
GTEX-1QW4Y-0005-SM-DO93W,35.0,50.18032,15.180320000000002
GTEX-REY6-1426-SM-48FDK,65.0,46.941704,18.058296
GTEX-132QS-2426-SM-62LFI,65.0,47.950775,17.049225
GTEX-1ICG6-1526-SM-C1YQT,75.0,56.970695,18.029305
GTEX-18A6Q-0426-SM-731CC,65.0,79.79273,14.792730000000006
GTEX-ZTPG-0008-SM-4YCEK,25.0,43.37883,18.37883
GTEX-1MUQO-0726-SM-E9TJM,65.0,49.09413,15.90587
GTEX-Y5V6-0426-SM-4VBRZ,65.0,53.363403,11.636597000000002
GTEX-12ZZY-1426-SM-5N9EI,65.0,77.76999,12.769990000000007
GTEX-ZTTD-0001-SM-4YCD5,55.0,39.530403,15.469597
GTEX-15CHQ-0426-SM-HL9UE,65.0,37.42872,27.57128
GTEX-1122O-0003-SM-5Q5DL,65.0,42.897106,22.102894
GTEX-11H98-0011-R11b-SM-5NQ6U,55.0,67.202194,12.202194000000006
GTEX-11WQK-0626-SM-GHWPR,55.0,42.03826,12.961739999999999
GTEX-1PDJ9-0008-SM-HPAEI,25.0,38.634228,13.634228
GTEX-T5JW-1226-SM-3GACY,25.0,40.583767,15.583767000000002
GTEX-1ICG6-1326-SM-ACKWR,75.0,58.56062,16.43938
GTEX-OIZI-0226-SM-2XCEE,45.0,32.560173,12.439827000000001
GTEX-14E6C-3126-SM-664ON,45.0,60.19694,15.196939999999998
GTEX-ZVT2-2626-SM-51MTD,55.0,43.022045,11.977955000000001
GTEX-1EN7A-0726-SM-7PBXT,45.0,56.148163,11.148162999999997
GTEX-XQ3S-0006-SM-4BOQ4,25.0,40.16347,15.163469999999997
GTEX-1HBPI-0126-SM-CMKGQ,55.0,43.973854,11.026145999999997
GTEX-QLQW-0226-SM-447BJ,35.0,47.099342,12.099342
GTEX-117YX-2026-SM-5GIEF,55.0,41.238323,13.761676999999999
GTEX-12WSJ-0002-SM-5TDBV,45.0,67.01061,22.01061
GTEX-U3ZN-0826-SM-4DXSZ,35.0,52.95776,17.95776
GTEX-WRHK-0926-SM-F21IS,25.0,40.72838,15.728380000000001
GTEX-W5WG-0726-SM-EXUQZ,55.0,67.20586,12.205860000000001
GTEX-14PJ4-0326-SM-664OT,65.0,52.72451,12.275489999999998
GTEX-SNMC-0008-SM-4DM5A,25.0,36.258015,11.258015
GTEX-ZQG8-2526-SM-57WEQ,65.0,52.323643,12.676357000000003
GTEX-117YX-1726-SM-5GZZS,55.0,38.250053,16.749947
GTEX-1BAJH-1526-SM-7RHGI,75.0,58.24355,16.75645
GTEX-1LH75-0011-R9b-SM-EY5Y9,55.0,66.2929,11.292900000000003
GTEX-O5YV-1226-SM-EV795,65.0,53.69129,11.308709999999998
GTEX-16BQI-0008-SM-EAZCC,35.0,48.60086,13.600859999999997
GTEX-1LC47-0126-SM-GNIP7,65.0,52.7478,12.252200000000002
GTEX-P4QS-1526-SM-HPAFM,65.0,48.353073,16.646926999999998
GTEX-11EM3-2026-SM-GHWOO,25.0,36.327827,11.327827
GTEX-1EWIQ-0011-R6a-SM-ARU8G,75.0,56.698414,18.301586
GTEX-1H3VE-0626-SM-9WYSJ,45.0,62.514008,17.514007999999997
GTEX-ZLV1-0926-SM-5S2MR,65.0,46.67892,18.321080000000002
GTEX-1EX96-1626-SM-7PBXR,55.0,43.12201,11.877989999999997
GTEX-YF7O-0526-SM-5P9IO,55.0,43.37301,11.62699
GTEX-11VI4-0326-SM-5EQ6L,45.0,60.21799,15.21799
GTEX-1KANA-1125-B-SM-AW8OI,25.0,47.68786,22.68786
GTEX-1QP6S-1026-SM-DTXFW,45.0,56.06223,11.06223
GTEX-1B97I-0826-SM-731DN,45.0,57.138664,12.138663999999999
GTEX-1QAET-2426-SM-EY5Z3,55.0,71.314514,16.314514000000003
GTEX-1KD4Q-0011-R2a-SM-F649I,45.0,56.299896,11.299895999999997
GTEX-QEG4-0008-SM-48TYZ,35.0,51.24389,16.24389
GTEX-13RTL-0426-SM-7LG66,45.0,61.91227,16.91227
GTEX-ZZ64-1426-SM-5NQ8C,25.0,40.6678,15.6678
GTEX-QEG5-1426-SM-447AS,25.0,38.401043,13.401043000000001
GTEX-1HSMP-0126-SM-E6CJS,75.0,60.862556,14.137444000000002
GTEX-13VXT-0726-SM-5MR7E,25.0,36.436054,11.436053999999999
GTEX-1IDJU-0008-SM-F33ZC,65.0,48.16811,16.83189
GTEX-1JMQK-2426-SM-CXZJU,65.0,80.04952,15.049520000000001
GTEX-131XF-1226-SM-5HL8V,65.0,49.013744,15.986255999999997
GTEX-1R9PM-0926-SM-DPRYA,25.0,37.1104,12.110399999999998
GTEX-1MCC2-2726-SM-EWRN3,35.0,52.51266,17.512659999999997
GTEX-X5EB-2326-SM-46MW5,45.0,56.826347,11.826346999999998
GTEX-11PRG-1426-SM-GJ3RU,55.0,73.11002,18.110020000000006
GTEX-ZA64-0326-SM-5HL8T,25.0,36.597427,11.597427000000003
GTEX-15RIE-5021-SM-HL11W,65.0,52.873898,12.126102000000003
GTEX-13113-2026-SM-5LZU3,65.0,47.873146,17.126854
GTEX-XPVG-0008-SM-4GICH,55.0,41.778786,13.221214000000003
GTEX-YJ8A-1526-SM-5P9FT,25.0,37.338512,12.338512000000001
GTEX-1HSMQ-0526-SM-A96TY,55.0,69.23897,14.238969999999995
GTEX-1LNCM-1026-SM-E9U5D,55.0,71.38545,16.385450000000006
GTEX-14A5H-0526-SM-5TDCN,65.0,76.23128,11.231279999999998
GTEX-SN8G-0126-SM-32PLI,55.0,67.42009,12.420090000000002
GTEX-QLQ7-0008-SM-447AW,65.0,51.07537,13.92463
GTEX-15DZA-2026-SM-6PANE,35.0,53.914772,18.914772
GTEX-ZP4G-1726-SM-4WWCM,25.0,36.955624,11.955624
GTEX-1BAJH-2626-SM-7EPG6,75.0,62.717896,12.282103999999997
GTEX-1EKGG-1426-SM-7PBY2,65.0,51.912853,13.087147000000002
GTEX-1PBJJ-1726-SM-HLJQN,35.0,46.879627,11.879627
GTEX-1F7RK-0126-SM-7PC2S,25.0,39.243454,14.243454
GTEX-1LG7Z-1626-SM-CXKYR,35.0,46.521797,11.521797
GTEX-1S82P-0003-SM-HPAE8,65.0,39.889267,25.110733000000003
GTEX-1KANA-0926-SM-D3L9K,25.0,37.53156,12.531559999999999
GTEX-13OW6-0526-SM-5L3HY,55.0,66.83507,11.835070000000002
GTEX-18A66-2025-C-SM-H661X,65.0,49.62039,15.37961
GTEX-1CAMQ-0008-SM-EXOI5,45.0,64.81725,19.81725
GTEX-14E7W-0526-SM-5S2W8,75.0,63.14955,11.850450000000002
GTEX-ZA64-0005-SM-GNTAL,25.0,40.972614,15.972614
GTEX-13FTW-0726-SM-9WG72,45.0,59.2833,14.283299999999997
GTEX-11EQ9-0006-SM-5LUB6,35.0,50.050842,15.050842000000003
GTEX-1MCC2-0326-SM-EV7AK,35.0,47.275383,12.275382999999998
GTEX-14E6C-0426-SM-5YYA8,45.0,60.386074,15.386074
GTEX-13JVG-1426-SM-5MR4W,65.0,49.6878,15.312199999999997
GTEX-17EVQ-0526-SM-7KFSK,75.0,63.844078,11.155921999999997
GTEX-139T6-1826-SM-5KM2E,55.0,42.617477,12.382522999999999
GTEX-1BAJH-2326-SM-7IGMO,75.0,59.10592,15.894080000000002
GTEX-13SLW-0826-SM-5QGP7,75.0,57.636494,17.363506
GTEX-ZQG8-1526-SM-5HL65,65.0,50.181355,14.818644999999997
GTEX-1JJ6O-0326-SM-CYPSZ,65.0,53.731987,11.268013000000003
GTEX-1QP9N-0226-SM-E9J4A,35.0,46.56456,11.56456
GTEX-1EWIQ-2226-SM-7MGXJ,75.0,63.291924,11.708075999999998
GTEX-15ER7-0011-R11a-SM-6LPIL,25.0,39.34093,14.34093
GTEX-1477Z-0326-SM-7IGLA,65.0,76.02562,11.025620000000004
GTEX-1C64O-0006-SM-7PC22,65.0,45.50241,19.497590000000002
GTEX-1314G-0008-SM-5YY9K,35.0,49.341335,14.341335
GTEX-13PL6-0011-R9b-SM-5O9CH,45.0,68.80757,23.80757
GTEX-S33H-1926-SM-EYYVH,35.0,47.086575,12.086575000000003
GTEX-14C39-0005-SM-5NQBR,45.0,60.877914,15.877913999999997
GTEX-1RB15-2226-SM-DTXFZ,65.0,50.978943,14.021056999999999
GTEX-WY7C-1026-SM-4OND3,55.0,43.273403,11.726596999999998
GTEX-1K2DA-1226-SM-CGQGH,55.0,37.920662,17.079338
GTEX-WH7G-2026-SM-3NMBL,45.0,60.709232,15.709232
GTEX-1KANA-0726-SM-D3L9I,25.0,37.26333,12.263330000000003
GTEX-11ZUS-0011-R8a-SM-5BC73,35.0,52.314606,17.314605999999998
GTEX-1JN1M-0426-SM-CY8IN,65.0,48.68016,16.31984
GTEX-1HR9M-0005-SM-AHZ26,65.0,46.69995,18.30005
GTEX-14LZ3-0005-SM-7MXUG,65.0,53.137638,11.862361999999997
GTEX-1HBPI-0726-SM-9WG7Z,55.0,40.51283,14.487169999999999
GTEX-13OW8-0004-SM-I9BP8,65.0,36.86023,28.13977
GTEX-12WSE-0011-R7a-SM-5PNWF,25.0,38.94866,13.948659999999997
GTEX-WZTO-2126-SM-4PQYW,45.0,60.107315,15.107315
GTEX-VUSG-0626-SM-4KL1Z,55.0,41.290066,13.709933999999997
GTEX-17F97-0126-SM-7LT8N,55.0,69.23694,14.236940000000004
GTEX-1399S-0126-SM-5IJCF,35.0,47.773453,12.773453000000003
GTEX-1MCQQ-0005-SM-DKPPV,65.0,49.44632,15.55368
GTEX-ZF3C-0008-SM-4E3IL,55.0,43.624226,11.375774
GTEX-17JCI-2526-SM-7DHLB,65.0,51.860847,13.139153
GTEX-WL46-2126-SM-GQ1DY,55.0,42.096848,12.903151999999999
GTEX-17EUY-0006-SM-7P8SB,25.0,37.94859,12.948590000000003
GTEX-1HT8W-0626-SM-A9G2H,35.0,47.29549,12.295490000000001
GTEX-1S82Z-0008-SM-HPAFI,35.0,48.127155,13.127155000000002
GTEX-1HCUA-1725-D-SM-H661S,55.0,40.946537,14.053463
GTEX-17HHE-0126-SM-79398,55.0,40.890312,14.109687999999998
GTEX-11DZ1-0226-SM-5A5KF,55.0,66.55677,11.55677
GTEX-REY6-0326-SM-2TF5A,65.0,45.262672,19.737327999999998
GTEX-1GF9W-0126-SM-7PC12,65.0,42.49018,22.509819999999998
GTEX-1H3NZ-0008-SM-F21JR,65.0,51.680466,13.319533999999997
GTEX-15RIF-1826-SM-6M469,25.0,36.152508,11.152507999999997
GTEX-Q2AH-1426-SM-EXOHC,45.0,57.517105,12.517105
GTEX-148VI-0526-SM-5TDDG,65.0,45.811813,19.188187
GTEX-QLQW-0326-SM-447A8,35.0,46.098705,11.098705000000002
GTEX-15UKP-1926-SM-6LPI9,25.0,44.565712,19.565711999999998
GTEX-16XZY-1026-SM-HAV39,75.0,56.970215,18.029784999999997
GTEX-11ZTS-1926-SM-5CVLA,65.0,86.3937,21.393699999999995
GTEX-T5JC-0001-SM-3NMAK,25.0,42.96532,17.96532
GTEX-ZY6K-1226-SM-5GZYL,55.0,40.03305,14.966949999999997
GTEX-1QAET-0826-SM-E76QR,55.0,66.207184,11.207183999999998
GTEX-13JVG-0005-SM-HKZYO,65.0,52.679947,12.320053000000001
GTEX-QLQW-0626-SM-447A6,35.0,50.95059,15.950589999999998
GTEX-1F88F-0008-SM-EAZCT,65.0,53.82515,11.17485
GTEX-1I1GU-0226-SM-AHZ2J,45.0,33.0785,11.921500000000002
GTEX-11LCK-0326-SM-5A5M7,35.0,51.495876,16.495876000000003
GTEX-13NYB-2626-SM-9YFMI,45.0,60.206734,15.206733999999997
GTEX-15FZZ-0326-SM-6M48O,35.0,53.451782,18.451782
GTEX-144GM-1725-B-SM-AW8OU,25.0,36.379257,11.379257000000003
GTEX-14PJP-0005-SM-7P8OM,25.0,52.59227,27.59227
GTEX-1IDJH-0326-SM-A9SLQ,75.0,58.04278,16.95722
GTEX-XPT6-2026-SM-4B64V,25.0,36.03409,11.034089999999999
GTEX-14PK6-0226-SM-62LF5,75.0,61.19854,13.801459999999999
GTEX-11EM3-0726-SM-5GZZM,25.0,36.644398,11.644398000000002
GTEX-1CAMQ-1426-SM-7MKFL,45.0,66.66033,21.660330000000002
GTEX-1399R-1626-SM-5P9GG,35.0,54.519737,19.519737
GTEX-1QPFJ-1126-SM-E9U5V,35.0,52.907013,17.907013
GTEX-Y3I4-2426-SM-6LLJK,55.0,40.97259,14.027410000000003
GTEX-QLQ7-1626-SM-2S1R8,65.0,53.044388,11.955612000000002
GTEX-YEC3-0005-SM-4W21J,55.0,43.77702,11.22298
GTEX-15DZA-0226-SM-7KFS6,35.0,48.7956,13.7956
GTEX-14B4R-0526-SM-5QGQT,35.0,47.245213,12.245213
GTEX-11EQ9-0726-SM-5A5K2,35.0,46.279037,11.279037000000002
GTEX-1N2EF-0005-SM-CXZIL,65.0,53.140106,11.859893999999997
GTEX-1ICG6-1826-SM-AHZ2O,75.0,54.619884,20.380116
GTEX-P4QS-0926-SM-48TBS,65.0,50.73626,14.263739999999999
GTEX-1H1DG-2026-SM-9QEIV,75.0,61.372063,13.627937000000003
GTEX-1PIIG-1326-SM-EXOIR,35.0,51.31879,16.31879
GTEX-1MJK3-0726-SM-E6CJC,25.0,39.658886,14.658886000000003
GTEX-11DXZ-0326-SM-5EGH1,55.0,69.3311,14.331100000000006
GTEX-14E6C-2626-SM-5RQJP,45.0,58.117622,13.117621999999997
GTEX-ZP4G-0006-SM-4WWE6,25.0,36.64398,11.643979999999999
GTEX-1N2EE-2726-SM-F2I1N,65.0,53.48472,11.515279999999997
GTEX-16MT9-0008-SM-EAZC8,65.0,46.394855,18.605145
GTEX-ZQG8-1226-SM-51MRX,65.0,50.401814,14.598185999999998
GTEX-WFG7-0005-SM-3GIKM,25.0,40.270634,15.270634000000001
GTEX-R55E-0726-SM-48FCZ,25.0,42.40837,17.408369999999998
GTEX-13OW5-0011-R9b-SM-5O9CL,65.0,52.16154,12.838459999999998
GTEX-QLQW-0426-SM-447A7,35.0,46.57566,11.57566
GTEX-1HFI6-2926-SM-A9G3E,45.0,57.559544,12.559544000000002
GTEX-12WSH-2426-SM-GHWOY,55.0,66.108734,11.108733999999998
GTEX-14E7W-1326-SM-5RQIV,75.0,62.29814,12.701860000000003
GTEX-U3ZN-2326-SM-3DB7W,35.0,48.0896,13.089599999999997
GTEX-POMQ-0006-SM-5SI7D,25.0,40.40645,15.40645
GTEX-13RTL-0011-R1a-SM-5PNZ8,45.0,61.615242,16.615242000000002
GTEX-P4PP-3026-SM-3P61O,35.0,49.744194,14.744194
GTEX-1PPH8-0326-SM-E76PR,25.0,38.575333,13.575333
GTEX-SNMC-0826-SM-4DM66,25.0,36.786484,11.786484000000002
GTEX-1I1GU-0326-SM-AHZ2K,45.0,59.305096,14.305095999999999
GTEX-1GZ4H-1026-SM-9OSXL,55.0,40.03061,14.969389999999997
GTEX-146FH-0326-SM-5QGPT,55.0,68.30507,13.30507
GTEX-PW2O-0526-SM-2I3DX,25.0,42.150665,17.150664999999996
GTEX-139T8-0826-SM-G8OLO,65.0,43.477787,21.522213
GTEX-18D9B-2126-SM-7LTAQ,65.0,53.870537,11.129463000000001
GTEX-Y9LG-2226-SM-4VDS9,35.0,49.222713,14.222712999999999
GTEX-1R9JW-2226-SM-E8VMS,35.0,51.265514,16.265514000000003
GTEX-111FC-2026-SM-5GZYO,65.0,52.7346,12.2654
GTEX-1CB4F-0226-SM-7EPHS,65.0,41.403976,23.596024
GTEX-1R9JW-0826-SM-DPRZJ,35.0,48.354218,13.354218000000003
GTEX-1CAMR-0926-SM-7MXTD,25.0,36.679314,11.679313999999998
GTEX-Y5V6-1026-SM-4VBS2,65.0,51.003258,13.996741999999998
GTEX-1CB4F-0926-SM-7DHMJ,65.0,47.744473,17.255527
GTEX-1F7RK-0011-R3b-SM-9OSWJ,25.0,38.14772,13.14772
GTEX-PX3G-0008-SM-48U2L,25.0,42.047783,17.047783000000003
GTEX-1EKGG-2226-SM-7IGOA,65.0,53.445065,11.554935
GTEX-XV7Q-2426-SM-4BRV8,45.0,57.116154,12.116154000000002
GTEX-15CHC-1326-SM-6LLJA,65.0,52.769928,12.230072
GTEX-1MA7X-0626-SM-E9TJI,65.0,52.508545,12.491455000000002
GTEX-13OVG-0326-SM-5KM57,65.0,50.722687,14.277313
GTEX-1M4P7-2626-SM-E9U5F,65.0,76.8699,11.869900000000001
GTEX-1PBJJ-0626-SM-DPRYO,35.0,48.000988,13.000988
GTEX-14BMV-1626-SM-5P9I2,55.0,43.743965,11.256034999999997
GTEX-1399R-1226-SM-5P9GF,35.0,48.827896,13.827896000000003
GTEX-15SDE-2026-SM-GPIA7,55.0,43.4761,11.523899999999998
GTEX-16XZY-0526-SM-7DHKY,75.0,56.482407,18.517592999999998
GTEX-WZTO-0826-SM-3NM8Q,45.0,57.227898,12.227898000000003
GTEX-12WSE-0426-SM-GI4X4,25.0,44.759727,19.759726999999998
GTEX-12584-0326-SM-59HK2,45.0,59.994858,14.994858
GTEX-X4XY-0011-R8A-SM-46MVC,65.0,53.06357,11.936430000000001
GTEX-ZPIC-1726-SM-G8OM6,45.0,58.625175,13.625174999999999
GTEX-13SLW-0626-SM-5Q5ER,75.0,55.37239,19.627609999999997
GTEX-U8T8-1426-SM-3DB9H,65.0,52.535835,12.464165000000001
GTEX-11ZTT-0008-SM-5S2TZ,65.0,47.90264,17.097360000000002
GTEX-WYBS-0926-SM-3NM94,65.0,78.83825,13.838250000000002
GTEX-12BJ1-1726-SM-5HL9B,65.0,53.583366,11.416634000000002
GTEX-1IDJC-0226-SM-CMKG2,55.0,38.731537,16.268462999999997
GTEX-1HCU9-0126-SM-9WG7M,25.0,40.45737,15.457369999999997
GTEX-X15G-1726-SM-4PQZN,55.0,67.69816,12.698160000000001
GTEX-15RIF-1125-A-SM-AW8QI,25.0,38.99936,13.999360000000003
GTEX-1LGOU-2126-SM-DIPFG,25.0,42.650635,17.650635
GTEX-1E2YA-1926-SM-7P8QH,55.0,43.739246,11.260753999999999
GTEX-11NSD-1226-SM-5986Q,25.0,40.49334,15.493340000000003
GTEX-SNMC-0626-SM-4DM6H,25.0,39.416847,14.416846999999997
GTEX-16NFA-0008-SM-EAZC4,55.0,69.31311,14.313109999999995
GTEX-XQ3S-2626-SM-F21J3,25.0,38.767616,13.767615999999997
GTEX-S3XE-1226-SM-4AD4L,55.0,43.492523,11.507477000000002
GTEX-P4QT-0726-SM-3NMCM,55.0,67.043655,12.043655000000001
GTEX-14753-0126-SM-5S2TX,65.0,53.478584,11.521416000000002
GTEX-ZVZQ-0011-R1a-SM-57WBU,65.0,52.35566,12.64434
GTEX-TSE9-3126-SM-4DXSY,65.0,52.935524,12.064475999999999
GTEX-15UKP-0008-SM-EAZ3A,25.0,44.538963,19.538963000000003
GTEX-1S82P-0926-SM-EWRNP,65.0,53.9395,11.060499999999998
GTEX-1MCQQ-2426-SM-DLHBZ,65.0,48.866943,16.133057
GTEX-1MCC2-1026-SM-EVR5I,35.0,47.976578,12.976578000000003
GTEX-11NV4-1926-SM-5N9D4,65.0,53.435165,11.564835000000002
GTEX-RWS6-0226-SM-2XCA9,65.0,45.18287,19.81713
GTEX-1H1DG-1226-SM-9JGH3,75.0,56.52637,18.47363
GTEX-13VXT-0426-SM-5LU57,25.0,50.051014,25.051014000000002
GTEX-T2YK-0326-SM-4DM7D,55.0,40.535007,14.464993
GTEX-T2IS-1526-SM-32QPR,25.0,42.323547,17.323546999999998
GTEX-ZQUD-0008-SM-4YCCU,35.0,47.901146,12.901145999999997
GTEX-S4Q7-0126-SM-4AD5P,25.0,36.91053,11.910530000000001
GTEX-1HCU7-0001-SM-EZ6LZ,55.0,31.027246,23.972754
GTEX-S95S-1126-SM-4B64E,65.0,52.977768,12.022232000000002
GTEX-16XZY-1126-SM-GPIA3,75.0,62.552395,12.447605000000003
GTEX-13NYB-0426-SM-5IJDD,45.0,61.353306,16.353306000000003
GTEX-XQ3S-1326-SM-4BOPQ,25.0,38.926453,13.926453000000002
GTEX-1ICG6-2726-SM-CKZPN,75.0,50.65614,24.34386
GTEX-12BJ1-2226-SM-5BC6G,65.0,50.820137,14.179862999999997
GTEX-1399S-0326-SM-5IFFS,35.0,46.93859,11.938589999999998
GTEX-ZAB4-0008-SM-4RGM6,45.0,56.37081,11.370809999999999
GTEX-XLM4-3126-SM-4AT6M,65.0,47.037773,17.962227
GTEX-1LGOU-2226-SM-E9U56,25.0,40.910828,15.910828000000002
GTEX-1MUQO-0426-SM-E9J2Z,65.0,51.881886,13.118113999999998
GTEX-147GR-2726-SM-664OO,65.0,44.061935,20.938065
GTEX-131XF-2326-SM-5BC6B,65.0,52.95944,12.04056
GTEX-WHSE-1526-SM-4M1XH,25.0,42.68028,17.680280000000003
GTEX-VUSG-0426-SM-3GIKD,55.0,70.20135,15.201350000000005
GTEX-1LH75-0326-SM-GMXBR,55.0,43.007614,11.992386000000003
GTEX-SUCS-0008-SM-4DM53,75.0,52.620842,22.379157999999997
GTEX-13N1W-0426-SM-5MR46,75.0,61.656662,13.343338000000003
GTEX-ZQG8-2426-SM-57WEE,65.0,50.38483,14.615169999999999
GTEX-X5EB-0008-SM-46MU3,45.0,58.298576,13.298575999999997
GTEX-18A66-2426-SM-7KFSQ,65.0,53.830353,11.169646999999998
GTEX-ZQG8-0326-SM-51MSE,65.0,50.32887,14.671129999999998
GTEX-12BJ1-1926-SM-5HL9Z,65.0,53.51446,11.48554
GTEX-13JUV-0011-R7b-SM-5LZZG,45.0,57.36213,12.36213
GTEX-1OKEX-2426-SM-GINB2,65.0,52.671623,12.328377000000003
GTEX-1MUQO-1326-SM-EV7AE,65.0,52.49566,12.50434
GTEX-14PN4-0005-SM-7PC21,55.0,42.49439,12.505609999999997
GTEX-SNMC-0526-SM-4DM69,25.0,37.439217,12.439217
GTEX-P44H-0826-SM-GNIOJ,45.0,61.955753,16.955753
GTEX-16YQH-2626-SM-GQ1DB,35.0,49.426094,14.426093999999999
GTEX-11ZVC-0326-SM-5CVLC,55.0,69.68612,14.686120000000003
GTEX-Y5V5-0001-SM-4V6FZ,65.0,38.891434,26.108566000000003
GTEX-1KANC-1626-SM-E6CIA,55.0,42.35941,12.640590000000003
GTEX-13RTK-0826-SM-5Q5C6,25.0,39.929485,14.929485
GTEX-SUCS-1126-SM-4DM61,75.0,60.65483,14.345170000000003
GTEX-11WQK-2826-SM-5EQKH,55.0,39.551758,15.448242
GTEX-QLQW-1526-SM-G8W5P,35.0,46.168663,11.168663000000002
GTEX-1KANA-0626-SM-D4P3I,25.0,41.0101,16.0101
GTEX-11DYG-1126-SM-GINAD,65.0,50.936703,14.063296999999999
GTEX-1GF9W-0526-SM-9MQJP,65.0,49.73566,15.264339999999997
GTEX-YECK-0326-SM-4W1YS,65.0,52.590622,12.409377999999997
GTEX-15UKP-1326-SM-6LPI8,25.0,44.09889,19.098889999999997
GTEX-12696-2826-SM-5FQTY,65.0,53.916897,11.083103000000001
GTEX-PSDG-1626-SM-48TCQ,55.0,40.312157,14.687843
GTEX-139TT-0006-SM-5O9CG,65.0,52.085503,12.914496999999997
GTEX-1H4P4-2126-SM-9WYSL,55.0,67.69329,12.693290000000005
GTEX-13FTX-0626-SM-5J2NS,25.0,44.382004,19.382004000000002
GTEX-NPJ8-1426-SM-3MJHR,45.0,58.581875,13.581874999999997
GTEX-12WSN-2726-SM-5LZUK,45.0,56.330948,11.330948
GTEX-1OKEX-2326-SM-GI4XN,65.0,53.539032,11.460968000000001
GTEX-1EU9M-0008-SM-EY5XQ,65.0,49.956306,15.043694000000002
GTEX-16XZY-1926-SM-H6Q7D,75.0,45.0383,29.9617
GTEX-1MCYP-0002-SM-HL9SX,25.0,37.532787,12.532786999999999
GTEX-1AX8Z-5004-SM-ARZLD,65.0,43.0138,21.986199999999997
GTEX-14BIL-1326-SM-5O9CZ,55.0,66.13105,11.131050000000002
GTEX-R55E-0526-SM-2TC6B,25.0,38.801582,13.801582000000003
GTEX-13QIC-1526-SM-5IJFL,65.0,53.197193,11.802807000000001
GTEX-13FTX-2026-SM-5L3D6,25.0,45.46292,20.462919999999997
GTEX-1QPFJ-2226-SM-EXOJW,35.0,48.198444,13.198444000000002
GTEX-11EMC-2526-SM-5PNVU,65.0,53.653282,11.346718000000003
GTEX-1PIEJ-0005-SM-DLZQL,25.0,39.17269,14.172690000000003
GTEX-1EMGI-2326-SM-7PBYA,65.0,53.633163,11.366836999999997
GTEX-1R9PM-0726-SM-G8OL6,25.0,36.578114,11.578114
GTEX-1GF9X-0426-SM-7MKHN,45.0,59.138718,14.138717999999997
GTEX-1H1ZS-2626-SM-9QEIX,75.0,63.62603,11.37397
GTEX-PW2O-1426-SM-48TCD,25.0,36.94079,11.94079
GTEX-1GZ2Q-2926-SM-7PBZL,45.0,23.295317,21.704683
GTEX-1JMPZ-0006-SM-DHXJ9,35.0,57.152443,22.152442999999998
GTEX-1399S-0926-SM-5PNVQ,35.0,48.567642,13.567642
GTEX-139T8-0226-SM-5L3EA,65.0,50.846756,14.153244
GTEX-1J8EW-1626-SM-C1YQ8,65.0,52.114887,12.885112999999997
GTEX-1LSVX-1226-SM-DHXJN,65.0,49.207474,15.792526000000002
GTEX-1JKYN-0126-SM-AHZ4C,35.0,47.295303,12.295302999999997
GTEX-13OVG-0726-SM-5IJBY,65.0,48.60155,16.398449999999997
GTEX-1KANA-0002-SM-HK79V,25.0,48.151154,23.151154
GTEX-11O72-0326-SM-5986D,45.0,58.318718,13.318717999999997
GTEX-ZLV1-0005-SM-4WWAP,65.0,50.08738,14.912619999999997
GTEX-1GPI7-1026-SM-7MGY2,25.0,36.273018,11.273018
GTEX-1EWIQ-3126-SM-7MXTI,75.0,61.571766,13.428234000000003
GTEX-13CF3-1726-SM-5LU9E,65.0,49.76036,15.239640000000001
GTEX-1J8EW-0008-SM-F2I1F,65.0,49.54038,15.459620000000001
GTEX-1NUQO-0826-SM-DPS16,25.0,39.396137,14.396137000000003
GTEX-16XZY-1426-SM-HAUZD,75.0,59.13051,15.869489999999999
GTEX-11WQK-1526-SM-5EGKN,55.0,39.39952,15.600479999999997
GTEX-1RLM8-2326-SM-EWRN4,55.0,69.116135,14.116135
GTEX-1R9K5-0726-SM-EAZ4E,55.0,38.280907,16.719093
GTEX-1OKEX-1326-SM-E9J2U,65.0,44.717403,20.282597000000003
GTEX-131XE-1026-SM-5EGKE,55.0,43.204124,11.795876
GTEX-17GQL-0526-SM-72D5N,65.0,53.213425,11.786575
GTEX-POMQ-0826-SM-3P61H,25.0,48.19086,23.19086
GTEX-1H1DG-0726-SM-A96TN,75.0,61.45661,13.543390000000002
GTEX-14BIM-0426-SM-5MR6O,65.0,51.033825,13.966175
GTEX-1S831-0008-SM-HPAE6,25.0,42.824745,17.824745
GTEX-1IDJF-0126-SM-CM2RS,25.0,39.657364,14.657364000000001
GTEX-1RNTQ-0001-SM-HPAG3,25.0,42.543964,17.543964000000003
GTEX-OIZF-0006-SM-2I5GQ,65.0,37.094368,27.905631999999997
GTEX-S4Z8-0526-SM-4AD4T,65.0,49.934166,15.065834000000002
GTEX-X5EB-1826-SM-4E3K8,45.0,58.27782,13.277819999999998
GTEX-1211K-1326-SM-5FQV2,65.0,50.713875,14.286124999999998
GTEX-POMQ-2326-SM-DHXIS,25.0,36.37675,11.376750000000001
GTEX-13FTY-0001-SM-I9BPC,45.0,66.859215,21.859215000000006
GTEX-183FY-1926-SM-7KFRI,25.0,39.302647,14.302647
GTEX-17EVQ-1926-SM-7IGOF,75.0,63.55053,11.449469999999998
GTEX-15CHC-0006-SM-7P8RG,65.0,44.30273,20.697270000000003
GTEX-1BAJH-0626-SM-7P8OY,75.0,56.62854,18.37146
