SAMPID,SUBJID,AGE_MID,PRED_AGE,AGE_GAP,SMTSD,ROUTE
GTEX-14PJP-0005-SM-7P8OM,GTEX-14PJP,25.0,52.59533,27.59533,Whole Blood,non_neural
GTEX-POMQ-0008-SM-48TE7,GTEX-POMQ,25.0,49.583813,24.583813,Cells - Cultured fibroblasts,non_neural
GTEX-13PL6-0011-R9b-SM-5O9CH,GTEX-13PL6,45.0,69.424576,24.424576,Brain - Spinal cord (cervical c-1),neural
GTEX-13VXT-0426-SM-5LU57,GTEX-13VXT,25.0,48.8833,23.8833,Nerve - Tibial,neural
GTEX-1KANA-0002-SM-HK79V,GTEX-1KANA,25.0,48.826164,23.826164,Cells - EBV-transformed lymphocytes,non_neural
GTEX-1KANA-1125-B-SM-AW8OI,GTEX-1KANA,25.0,48.414227,23.414227,Stomach - Mucosa,non_neural
GTEX-POMQ-0826-SM-3P61H,GTEX-POMQ,25.0,48.0804,23.0804,Stomach,non_neural
GTEX-1JMPZ-0006-SM-DHXJ9,GTEX-1JMPZ,35.0,57.586292,22.586292,Whole Blood,non_neural
GTEX-ZTPG-1926-SM-HAUZ1,GTEX-ZTPG,25.0,47.044655,22.044655,Ovary,non_neural
GTEX-1OJC3-0001-SM-HM8SW,GTEX-1OJC3,25.0,46.835434,21.835434,Cells - EBV-transformed lymphocytes,non_neural
GTEX-1CAMQ-1426-SM-7MKFL,GTEX-1CAMQ,45.0,66.29393,21.293930000000003,Liver,non_neural
GTEX-13FTY-0001-SM-I9BPC,GTEX-13FTY,45.0,66.27009,21.27009,Cells - EBV-transformed lymphocytes,non_neural
GTEX-12WSJ-0002-SM-5TDBV,GTEX-12WSJ,45.0,66.128525,21.128525,Cells - EBV-transformed lymphocytes,non_neural
GTEX-13FTX-2026-SM-5L3D6,GTEX-13FTX,25.0,45.81549,20.81549,Muscle - Skeletal,non_neural
GTEX-11ZTS-1926-SM-5CVLA,GTEX-11ZTS,65.0,85.60917,20.60917000000001,Ovary,non_neural
GTEX-15UKP-0008-SM-EAZ3A,GTEX-15UKP,25.0,45.221054,20.221054,Cells - Cultured fibroblasts,non_neural
GTEX-1CAMQ-0008-SM-EXOI5,GTEX-1CAMQ,45.0,65.07646,20.07646,Cells - Cultured fibroblasts,non_neural
GTEX-1KANA-1126-SM-D3L9M,GTEX-1KANA,25.0,45.054554,20.054554000000003,Stomach,non_neural
GTEX-1399R-1626-SM-5P9GG,GTEX-1399R,35.0,54.888756,19.888756,Testis,non_neural
GTEX-1MA7W-1026-SM-DKPQK,GTEX-1MA7W,25.0,44.549644,19.549644,Breast - Mammary Tissue,non_neural
GTEX-15UKP-1326-SM-6LPI8,GTEX-15UKP,25.0,44.40242,19.40242,Pancreas,non_neural
GTEX-15UKP-1926-SM-6LPI9,GTEX-15UKP,25.0,44.368423,19.368423,Lung,non_neural
GTEX-T5JC-0001-SM-3NMAK,GTEX-T5JC,25.0,44.225124,19.225124,Cells - EBV-transformed lymphocytes,non_neural
GTEX-13FTX-0626-SM-5J2NS,GTEX-13FTX,25.0,43.859077,18.859077,Adipose - Visceral (Omentum),non_neural
GTEX-15DZA-2026-SM-6PANE,GTEX-15DZA,35.0,53.84443,18.844430000000003,Muscle - Skeletal,non_neural
GTEX-12WSE-0426-SM-GI4X4,GTEX-12WSE,25.0,43.778675,18.778675,Muscle - Skeletal,non_neural
GTEX-1H3VE-0626-SM-9WYSJ,GTEX-1H3VE,45.0,63.69231,18.69231,Nerve - Tibial,neural
GTEX-ZTPG-0008-SM-4YCEK,GTEX-ZTPG,25.0,43.37188,18.37188,Cells - Cultured fibroblasts,non_neural
GTEX-XPVG-2826-SM-4B66J,GTEX-XPVG,55.0,73.33085,18.33085,Nerve - Tibial,neural
GTEX-11ZUS-0011-R8a-SM-5BC73,GTEX-11ZUS,35.0,53.297783,18.297783000000003,Brain - Hypothalamus,neural
GTEX-R55E-0726-SM-48FCZ,GTEX-R55E,25.0,43.257256,18.257256,Testis,non_neural
GTEX-15FZZ-0326-SM-6M48O,GTEX-15FZZ,35.0,53.182655,18.182655,Lung,non_neural
GTEX-13PL6-0011-R5b-SM-5O9BI,GTEX-13PL6,45.0,62.91399,17.91399,Brain - Caudate (basal ganglia),neural
GTEX-1MCC2-2726-SM-EWRN3,GTEX-1MCC2,35.0,52.7892,17.7892,Muscle - Skeletal,non_neural
GTEX-11PRG-1426-SM-GJ3RU,GTEX-11PRG,55.0,72.63534,17.63534,Thyroid,non_neural
GTEX-U3ZN-0826-SM-4DXSZ,GTEX-U3ZN,35.0,52.62488,17.624879999999997,Adrenal Gland,non_neural
GTEX-11TT1-2326-SM-5GU6N,GTEX-11TT1,25.0,42.611984,17.611984,Muscle - Skeletal,non_neural
GTEX-1S831-0008-SM-HPAE6,GTEX-1S831,25.0,42.580338,17.580337999999998,Cells - Cultured fibroblasts,non_neural
GTEX-1LGOU-2126-SM-DIPFG,GTEX-1LGOU,25.0,42.555367,17.555366999999997,Muscle - Skeletal,non_neural
GTEX-1RNTQ-0001-SM-HPAG3,GTEX-1RNTQ,25.0,42.47204,17.47204,Cells - EBV-transformed lymphocytes,non_neural
GTEX-PW2O-0526-SM-2I3DX,GTEX-PW2O,25.0,42.386005,17.386004999999997,Lung,non_neural
GTEX-T2IS-1526-SM-32QPR,GTEX-T2IS,25.0,42.258896,17.258896,Breast - Mammary Tissue,non_neural
GTEX-1H3VE-0326-SM-9YFLH,GTEX-1H3VE,45.0,62.076317,17.076317000000003,Skin - Sun Exposed (Lower leg),non_neural
GTEX-1QPFJ-1126-SM-E9U5V,GTEX-1QPFJ,35.0,51.981342,16.981341999999998,Liver,non_neural
GTEX-13RTL-0426-SM-7LG66,GTEX-13RTL,45.0,61.921314,16.921314000000002,Artery - Tibial,non_neural
GTEX-WHSE-1526-SM-4M1XH,GTEX-WHSE,25.0,41.909805,16.909805,Esophagus - Mucosa,non_neural
GTEX-1R9JW-2226-SM-E8VMS,GTEX-1R9JW,35.0,51.87577,16.875770000000003,Nerve - Tibial,neural
GTEX-ZA64-0005-SM-GNTAL,GTEX-ZA64,25.0,41.857,16.857,Whole Blood,non_neural
GTEX-PX3G-0008-SM-48U2L,GTEX-PX3G,25.0,41.79979,16.79979,Cells - Cultured fibroblasts,non_neural
GTEX-11LCK-0326-SM-5A5M7,GTEX-11LCK,35.0,51.735847,16.735847,Adipose - Visceral (Omentum),non_neural
GTEX-14JG1-1926-SM-HM8T7,GTEX-14JG1,45.0,61.631733,16.631732999999997,Esophagus - Mucosa,non_neural
GTEX-13RTL-0011-R1a-SM-5PNZ8,GTEX-13RTL,45.0,61.60846,16.60846,Brain - Hippocampus,neural
GTEX-WFG7-0001-SM-3P61S,GTEX-WFG7,25.0,41.608406,16.608406000000002,Cells - EBV-transformed lymphocytes,non_neural
GTEX-P44H-0826-SM-GNIOJ,GTEX-P44H,45.0,61.46917,16.46917,Artery - Coronary,non_neural
GTEX-1HCU9-0826-SM-GA8ZD,GTEX-1HCU9,25.0,41.362274,16.362274,Esophagus - Mucosa,non_neural
GTEX-1PIIG-1326-SM-EXOIR,GTEX-1PIIG,35.0,51.2913,16.2913,Liver,non_neural
GTEX-1LNCM-1026-SM-E9U5D,GTEX-1LNCM,55.0,71.23275,16.232749999999996,Vagina,non_neural
GTEX-QLQW-0626-SM-447A6,GTEX-QLQW,35.0,51.172047,16.172047,Esophagus - Muscularis,non_neural
GTEX-11EM3-0005-SM-5N9DK,GTEX-11EM3,25.0,41.1304,16.1304,Whole Blood,non_neural
GTEX-1KANA-0626-SM-D4P3I,GTEX-1KANA,25.0,41.10969,16.10969,Esophagus - Mucosa,non_neural
GTEX-1LGOU-2226-SM-E9U56,GTEX-1LGOU,25.0,41.060707,16.060707,Adipose - Subcutaneous,non_neural
GTEX-14C39-0005-SM-5NQBR,GTEX-14C39,45.0,61.047607,16.047607,Whole Blood,non_neural
GTEX-ZZ64-1426-SM-5NQ8C,GTEX-ZZ64,25.0,41.03388,16.033880000000003,Nerve - Tibial,neural
GTEX-1J1OQ-0006-SM-HK78Y,GTEX-1J1OQ,45.0,60.97719,15.97719,Whole Blood,non_neural
GTEX-VUSG-0426-SM-3GIKD,GTEX-VUSG,55.0,70.937,15.936999999999998,Thyroid,non_neural
GTEX-PWCY-0526-SM-5P9HG,GTEX-PWCY,25.0,40.91435,15.91435,Heart - Left Ventricle,non_neural
GTEX-12WSE-0011-R7a-SM-5PNWF,GTEX-12WSE,25.0,40.885803,15.885803000000005,Brain - Putamen (basal ganglia),neural
GTEX-Y9LG-2226-SM-4VDS9,GTEX-Y9LG,35.0,50.843678,15.843677999999995,Nerve - Tibial,neural
GTEX-WFG7-0005-SM-3GIKM,GTEX-WFG7,25.0,40.77412,15.774120000000003,Whole Blood,non_neural
GTEX-17F97-0126-SM-7LT8N,GTEX-17F97,55.0,70.66861,15.66861,Nerve - Tibial,neural
GTEX-QEG4-0008-SM-48TYZ,GTEX-QEG4,35.0,50.66142,15.66142,Cells - Cultured fibroblasts,non_neural
GTEX-11NSD-1226-SM-5986Q,GTEX-11NSD,25.0,40.602802,15.602801999999995,Esophagus - Muscularis,non_neural
GTEX-14E6C-3126-SM-664ON,GTEX-14E6C,45.0,60.506935,15.506935,Pituitary,non_neural
GTEX-WH7G-2026-SM-3NMBL,GTEX-WH7G,45.0,60.474792,15.474792,Skin - Not Sun Exposed (Suprapubic),non_neural
GTEX-14E6C-0426-SM-5YYA8,GTEX-14E6C,45.0,60.443638,15.443638,Heart - Left Ventricle,non_neural
GTEX-1PBJI-0726-SM-EXUSQ,GTEX-1PBJI,25.0,40.436047,15.436047000000002,Thyroid,non_neural
GTEX-POMQ-0006-SM-5SI7D,GTEX-POMQ,25.0,40.39345,15.39345,Whole Blood,non_neural
GTEX-1HCU9-0126-SM-9WG7M,GTEX-1HCU9,25.0,40.392525,15.392525,Spleen,non_neural
GTEX-1IKOE-1326-SM-CE6T6,GTEX-1IKOE,35.0,50.362965,15.362965000000004,Breast - Mammary Tissue,non_neural
GTEX-T5JW-1226-SM-3GACY,GTEX-T5JW,25.0,40.310886,15.310886000000004,Thyroid,non_neural
GTEX-1IDJF-0126-SM-CM2RS,GTEX-1IDJF,25.0,40.306602,15.306601999999998,Skin - Sun Exposed (Lower leg),non_neural
GTEX-13RTK-0826-SM-5Q5C6,GTEX-13RTK,25.0,40.263653,15.263652999999998,Small Intestine - Terminal Ileum,non_neural
GTEX-1QW4Y-0005-SM-DO93W,GTEX-1QW4Y,35.0,50.263504,15.263503999999998,Whole Blood,non_neural
GTEX-WRHK-0926-SM-F21IS,GTEX-WRHK,25.0,40.255745,15.255744999999996,Colon - Transverse,non_neural
GTEX-XQ3S-0006-SM-4BOQ4,GTEX-XQ3S,25.0,40.239914,15.239914,Whole Blood,non_neural
GTEX-11VI4-0326-SM-5EQ6L,GTEX-11VI4,45.0,60.21462,15.214619999999996,Stomach,non_neural
GTEX-WZTO-2126-SM-4PQYW,GTEX-WZTO,45.0,60.159912,15.159911999999998,Stomach,non_neural
GTEX-13NYB-0426-SM-5IJDD,GTEX-13NYB,45.0,60.13878,15.138779999999995,Artery - Aorta,non_neural
GTEX-15ER7-0011-R11a-SM-6LPIL,GTEX-15ER7,25.0,40.097843,15.097842999999996,Brain - Cerebellar Hemisphere,neural
GTEX-15RJE-0526-SM-6PAMN,GTEX-15RJE,45.0,60.09162,15.09162,Artery - Tibial,non_neural
GTEX-P4PP-3026-SM-3P61O,GTEX-P4PP,35.0,50.040066,15.040066000000005,Artery - Coronary,non_neural
GTEX-1PIEJ-0005-SM-DLZQL,GTEX-1PIEJ,25.0,39.973648,14.973647999999995,Whole Blood,non_neural
GTEX-13JUV-0011-R7b-SM-5LZZG,GTEX-13JUV,45.0,59.95146,14.951459999999996,Brain - Putamen (basal ganglia),neural
GTEX-183FY-1926-SM-7KFRI,GTEX-183FY,25.0,39.941593,14.941592999999996,Testis,non_neural
GTEX-1QP6S-1526-SM-EXUSG,GTEX-1QP6S,45.0,59.91203,14.91203,Kidney - Cortex,non_neural
GTEX-11ZVC-0326-SM-5CVLC,GTEX-11ZVC,55.0,69.897415,14.897414999999995,Artery - Aorta,non_neural
GTEX-XQ3S-1626-SM-4WAYN,GTEX-XQ3S,25.0,39.889378,14.889378,Adipose - Subcutaneous,non_neural
GTEX-1I1GU-0326-SM-AHZ2K,GTEX-1I1GU,45.0,59.806168,14.806168,Pancreas,non_neural
GTEX-QEG5-1426-SM-447AS,GTEX-QEG5,25.0,39.68095,14.680950000000005,Esophagus - Mucosa,non_neural
GTEX-1PBJI-1326-SM-E9J2V,GTEX-1PBJI,25.0,39.622627,14.622627,Adipose - Visceral (Omentum),non_neural
GTEX-1PDJ9-0008-SM-HPAEI,GTEX-1PDJ9,25.0,39.58585,14.58585,Cells - Cultured fibroblasts,non_neural
GTEX-11DXZ-0326-SM-5EGH1,GTEX-11DXZ,55.0,69.50583,14.505830000000005,Heart - Atrial Appendage,non_neural
GTEX-16BQI-0008-SM-EAZCC,GTEX-16BQI,35.0,49.50185,14.501849999999996,Cells - Cultured fibroblasts,non_neural
GTEX-1JMQK-2426-SM-CXZJU,GTEX-1JMQK,65.0,79.50174,14.501739999999998,Small Intestine - Terminal Ileum,non_neural
GTEX-ZLFU-1826-SM-4WWBV,GTEX-ZLFU,45.0,59.47944,14.479439999999997,Skin - Not Sun Exposed (Suprapubic),non_neural
GTEX-11EQ9-0006-SM-5LUB6,GTEX-11EQ9,35.0,49.473774,14.473774,Whole Blood,non_neural
GTEX-15G1A-0006-SM-7PC1Z,GTEX-15G1A,35.0,49.448296,14.448296,Whole Blood,non_neural
GTEX-15RIF-1125-A-SM-AW8QI,GTEX-15RIF,25.0,39.44129,14.441290000000002,Stomach - Mixed Cell,non_neural
GTEX-13FTW-0726-SM-9WG72,GTEX-13FTW,45.0,59.430954,14.430954,Artery - Aorta,non_neural
GTEX-146FQ-0426-SM-5NQBA,GTEX-146FQ,35.0,49.425995,14.425995,Nerve - Tibial,neural
GTEX-1NUQO-0826-SM-DPS16,GTEX-1NUQO,25.0,39.354862,14.354861999999995,Pancreas,non_neural
GTEX-1399R-1226-SM-5P9GF,GTEX-1399R,35.0,49.305058,14.305058000000002,Liver,non_neural
GTEX-1MJK3-0726-SM-E6CJC,GTEX-1MJK3,25.0,39.281696,14.281695999999997,Skin - Not Sun Exposed (Suprapubic),non_neural
GTEX-11NSD-0008-SM-5Q5BC,GTEX-11NSD,25.0,39.234497,14.234496999999998,Cells - Cultured fibroblasts,non_neural
GTEX-XQ3S-1326-SM-4BOPQ,GTEX-XQ3S,25.0,39.136673,14.136673000000002,Breast - Mammary Tissue,non_neural
GTEX-1GF9X-0426-SM-7MKHN,GTEX-1GF9X,45.0,59.124607,14.124606999999996,Liver,non_neural
GTEX-1QAET-2426-SM-EY5Z3,GTEX-1QAET,55.0,69.11403,14.11403,Nerve - Tibial,neural
GTEX-ZPIC-1726-SM-G8OM6,GTEX-ZPIC,45.0,59.101532,14.101532,Skin - Sun Exposed (Lower leg),non_neural
GTEX-XBEW-0126-SM-4AT66,GTEX-XBEW,45.0,59.0469,14.0469,Thyroid,non_neural
GTEX-13NYB-2626-SM-9YFMI,GTEX-13NYB,45.0,59.02789,14.02789,Adipose - Subcutaneous,non_neural
GTEX-XQ3S-2626-SM-F21J3,GTEX-XQ3S,25.0,39.017303,14.017302999999998,Colon - Transverse,non_neural
GTEX-15G1A-0126-SM-GNTCJ,GTEX-15G1A,35.0,49.01232,14.012320000000004,Artery - Aorta,non_neural
GTEX-1R9JW-0826-SM-DPRZJ,GTEX-1R9JW,35.0,48.974155,13.974155000000003,Liver,non_neural
GTEX-SNMC-0626-SM-4DM6H,GTEX-SNMC,25.0,38.857727,13.857726999999995,Stomach,non_neural
GTEX-16YQH-2626-SM-GQ1DB,GTEX-16YQH,35.0,48.809242,13.809241999999998,Colon - Sigmoid,non_neural
GTEX-1F7RK-0126-SM-7PC2S,GTEX-1F7RK,25.0,38.75768,13.75768,Skin - Sun Exposed (Lower leg),non_neural
GTEX-R55E-0526-SM-2TC6B,GTEX-R55E,25.0,38.747475,13.747475,Muscle - Skeletal,non_neural
GTEX-1314G-0008-SM-5YY9K,GTEX-1314G,35.0,48.726303,13.726303,Cells - Cultured fibroblasts,non_neural
GTEX-1399S-0926-SM-5PNVQ,GTEX-1399S,35.0,48.70179,13.701790000000004,Artery - Coronary,non_neural
GTEX-1RLM8-2326-SM-EWRN4,GTEX-1RLM8,55.0,68.68247,13.682469999999997,Skin - Sun Exposed (Lower leg),non_neural
GTEX-X5EB-0008-SM-46MU3,GTEX-X5EB,45.0,58.647923,13.647923,Cells - Cultured fibroblasts,non_neural
GTEX-16NFA-0008-SM-EAZC4,GTEX-16NFA,55.0,68.61857,13.618570000000004,Cells - Cultured fibroblasts,non_neural
GTEX-1PPH8-0326-SM-E76PR,GTEX-1PPH8,25.0,38.576714,13.576714000000004,Muscle - Skeletal,non_neural
GTEX-U3ZN-2326-SM-3DB7W,GTEX-U3ZN,35.0,48.56349,13.563490000000002,Skin - Sun Exposed (Lower leg),non_neural
GTEX-R3RS-0008-SM-48FF1,GTEX-R3RS,45.0,58.525536,13.525536000000002,Cells - Cultured fibroblasts,non_neural
GTEX-1PIIG-0006-SM-DLZQF,GTEX-1PIIG,35.0,48.482197,13.482197,Whole Blood,non_neural
GTEX-1F7RK-0011-R3b-SM-9OSWJ,GTEX-1F7RK,25.0,38.392536,13.392536,Brain - Anterior cingulate cortex (BA24),neural
GTEX-15DZA-0226-SM-7KFS6,GTEX-15DZA,35.0,48.39019,13.390189999999995,Thyroid,non_neural
GTEX-P4QT-0008-SM-48TDZ,GTEX-P4QT,55.0,68.33402,13.334019999999995,Cells - Cultured fibroblasts,non_neural
GTEX-12584-0326-SM-59HK2,GTEX-12584,45.0,58.325592,13.325592,Nerve - Tibial,neural
GTEX-1HSMQ-0526-SM-A96TY,GTEX-1HSMQ,55.0,68.320595,13.320594999999996,Thyroid,non_neural
GTEX-WYBS-0926-SM-3NM94,GTEX-WYBS,65.0,78.28024,13.280240000000006,Breast - Mammary Tissue,non_neural
GTEX-NPJ8-1426-SM-3MJHR,GTEX-NPJ8,45.0,58.230377,13.230376999999995,Pituitary,non_neural
GTEX-1LBAC-0126-SM-DIPEZ,GTEX-1LBAC,25.0,38.227768,13.227767999999998,Skin - Sun Exposed (Lower leg),non_neural
GTEX-1H4P4-2126-SM-9WYSL,GTEX-1H4P4,55.0,68.218254,13.218254000000002,Skin - Not Sun Exposed (Suprapubic),non_neural
GTEX-11H98-0011-R11b-SM-5NQ6U,GTEX-11H98,55.0,68.124176,13.124176000000006,Brain - Cerebellar Hemisphere,neural
GTEX-16YQH-0006-SM-7P8OQ,GTEX-16YQH,35.0,48.1072,13.1072,Whole Blood,non_neural
GTEX-X5EB-1826-SM-4E3K8,GTEX-X5EB,45.0,58.008602,13.008602000000003,Prostate,non_neural
GTEX-1399S-0126-SM-5IJCF,GTEX-1399S,35.0,47.99781,12.99781,Skin - Not Sun Exposed (Suprapubic),non_neural
GTEX-1QPFJ-2226-SM-EXOJW,GTEX-1QPFJ,35.0,47.98253,12.982529999999995,Pancreas,non_neural
GTEX-1JKYR-0126-SM-CNPOJ,GTEX-1JKYR,25.0,37.944542,12.944541999999998,Skin - Sun Exposed (Lower leg),non_neural
GTEX-1MCC2-1026-SM-EVR5I,GTEX-1MCC2,35.0,47.875923,12.875923,Ovary,non_neural
GTEX-1KANA-0926-SM-D3L9K,GTEX-1KANA,25.0,37.873657,12.873657,Muscle - Skeletal,non_neural
GTEX-1JKYN-0126-SM-AHZ4C,GTEX-1JKYN,35.0,47.86429,12.864289999999995,Adrenal Gland,non_neural
GTEX-11O72-0326-SM-5986D,GTEX-11O72,45.0,57.858543,12.858542999999996,Muscle - Skeletal,non_neural
GTEX-12WSE-1126-SM-7DUEH,GTEX-12WSE,25.0,37.832077,12.832076999999998,Artery - Coronary,non_neural
GTEX-ZQUD-0008-SM-4YCCU,GTEX-ZQUD,35.0,47.821636,12.821635999999998,Cells - Cultured fibroblasts,non_neural
GTEX-17EUY-0006-SM-7P8SB,GTEX-17EUY,25.0,37.802483,12.802483000000002,Whole Blood,non_neural
GTEX-14E6C-2626-SM-5RQJP,GTEX-14E6C,45.0,57.798157,12.798157000000003,Thyroid,non_neural
GTEX-1PBJJ-1726-SM-HLJQN,GTEX-1PBJJ,35.0,47.78665,12.786650000000002,Testis,non_neural
GTEX-1B97I-0826-SM-731DN,GTEX-1B97I,45.0,57.76168,12.761679999999998,Prostate,non_neural
GTEX-P4QT-0226-SM-3LK68,GTEX-P4QT,55.0,67.760414,12.760413999999995,Adipose - Subcutaneous,non_neural
GTEX-1MCC2-0326-SM-EV7AK,GTEX-1MCC2,35.0,47.746418,12.746417999999998,Heart - Left Ventricle,non_neural
GTEX-1S82Z-0008-SM-HPAFI,GTEX-1S82Z,35.0,47.727943,12.727943000000003,Cells - Cultured fibroblasts,non_neural
GTEX-1PBJJ-0626-SM-DPRYO,GTEX-1PBJJ,35.0,47.727825,12.727825000000005,Liver,non_neural
GTEX-144GM-1725-B-SM-AW8OU,GTEX-144GM,25.0,37.693237,12.693237000000003,Stomach - Mucosa,non_neural
GTEX-1KANA-0726-SM-D3L9I,GTEX-1KANA,25.0,37.676247,12.676246999999996,Skin - Sun Exposed (Lower leg),non_neural
GTEX-14B4R-0526-SM-5QGQT,GTEX-14B4R,35.0,47.6702,12.6702,Adipose - Visceral (Omentum),non_neural
GTEX-X15G-1726-SM-4PQZN,GTEX-X15G,55.0,67.55451,12.554509999999992,Ovary,non_neural
GTEX-1HT8W-0626-SM-A9G2H,GTEX-1HT8W,35.0,47.546864,12.546864,Skin - Not Sun Exposed (Suprapubic),non_neural
GTEX-X585-2526-SM-4QAS1,GTEX-X585,55.0,67.54334,12.54334,Adipose - Visceral (Omentum),non_neural
GTEX-SE5C-0626-SM-2XCDV,GTEX-SE5C,45.0,57.5027,12.502699999999995,Heart - Left Ventricle,non_neural
GTEX-PW2O-1426-SM-48TCD,GTEX-PW2O,25.0,37.49034,12.490340000000003,Testis,non_neural
GTEX-11UD2-0008-SM-5S2P7,GTEX-11UD2,55.0,67.45366,12.45366,Cells - Cultured fibroblasts,non_neural
GTEX-1HFI6-2926-SM-A9G3E,GTEX-1HFI6,45.0,57.447254,12.447254,Pituitary,non_neural
GTEX-S33H-1926-SM-EYYVH,GTEX-S33H,35.0,47.397404,12.397404000000002,Bladder,non_neural
GTEX-SNMC-0526-SM-4DM69,GTEX-SNMC,25.0,37.385666,12.385666,Esophagus - Mucosa,non_neural
GTEX-YJ8A-1526-SM-5P9FT,GTEX-YJ8A,25.0,37.37008,12.370080000000002,Stomach,non_neural
GTEX-1EX96-2726-SM-7SB88,GTEX-1EX96,55.0,67.3598,12.359800000000009,Artery - Aorta,non_neural
GTEX-ZP4G-1726-SM-4WWCM,GTEX-ZP4G,25.0,37.358696,12.358696000000002,Colon - Transverse,non_neural
GTEX-Q2AH-1426-SM-EXOHC,GTEX-Q2AH,45.0,57.337486,12.337485999999998,Prostate,non_neural
GTEX-1R9PM-0926-SM-DPRYA,GTEX-1R9PM,25.0,37.313023,12.313023,Esophagus - Mucosa,non_neural
GTEX-ZA64-0326-SM-5HL8T,GTEX-ZA64,25.0,37.307816,12.307816000000004,Lung,non_neural
GTEX-1HCU9-1726-SM-ADEHY,GTEX-1HCU9,25.0,37.301983,12.301983,Nerve - Tibial,neural
GTEX-1A3MV-0008-SM-EAZDA,GTEX-1A3MV,35.0,47.290844,12.290844,Cells - Cultured fibroblasts,non_neural
GTEX-WZTO-0826-SM-3NM8Q,GTEX-WZTO,45.0,57.26117,12.26117,Muscle - Skeletal,non_neural
GTEX-XV7Q-2426-SM-4BRV8,GTEX-XV7Q,45.0,57.239944,12.239944,Minor Salivary Gland,non_neural
GTEX-SN8G-0126-SM-32PLI,GTEX-SN8G,55.0,67.176315,12.176315000000002,Skin - Sun Exposed (Lower leg),non_neural
GTEX-1MCYP-0002-SM-HL9SX,GTEX-1MCYP,25.0,37.174194,12.174194,Cells - EBV-transformed lymphocytes,non_neural
GTEX-11EM3-2026-SM-GHWOO,GTEX-11EM3,25.0,37.073456,12.073456,Nerve - Tibial,neural
GTEX-12ZZY-1426-SM-5N9EI,GTEX-12ZZY,65.0,77.05655,12.05655,Esophagus - Mucosa,non_neural
GTEX-W5WG-0726-SM-EXUQZ,GTEX-W5WG,55.0,67.00281,12.002809999999997,Artery - Aorta,non_neural
GTEX-1PDJ9-1826-SM-E9U66,GTEX-1PDJ9,25.0,37.00257,12.00257,Small Intestine - Terminal Ileum,non_neural
GTEX-1399S-0326-SM-5IFFS,GTEX-1399S,35.0,46.98825,11.98825,Pancreas,non_neural
GTEX-1JMOU-0011-R9b-SM-EY5YI,GTEX-1JMOU,65.0,76.98485,11.984849999999994,Brain - Spinal cord (cervical c-1),neural
GTEX-18D9U-0006-SM-7SB6M,GTEX-18D9U,45.0,56.983208,11.983207999999998,Whole Blood,non_neural
GTEX-ZP4G-0006-SM-4WWE6,GTEX-ZP4G,25.0,36.938988,11.938988000000002,Whole Blood,non_neural
GTEX-12584-0011-R9b-SM-GI4WC,GTEX-12584,45.0,56.93891,11.93891,Brain - Spinal cord (cervical c-1),neural
GTEX-S4Q7-0126-SM-4AD5P,GTEX-S4Q7,25.0,36.93409,11.934089999999998,Spleen,non_neural
GTEX-POMQ-2326-SM-DHXIS,GTEX-POMQ,25.0,36.835167,11.835166999999998,Adipose - Subcutaneous,non_neural
GTEX-1C475-2026-SM-793CI,GTEX-1C475,45.0,56.81904,11.81904,Nerve - Tibial,neural
GTEX-SNMC-0826-SM-4DM66,GTEX-SNMC,25.0,36.81864,11.818640000000002,Bladder,non_neural
GTEX-1R9PM-0726-SM-G8OL6,GTEX-1R9PM,25.0,36.805904,11.805903999999998,Adipose - Visceral (Omentum),non_neural
GTEX-X5EB-2326-SM-46MW5,GTEX-X5EB,45.0,56.786278,11.786278000000005,Muscle - Skeletal,non_neural
GTEX-13VXT-0726-SM-5MR7E,GTEX-13VXT,25.0,36.741413,11.741413,Heart - Atrial Appendage,non_neural
GTEX-1LG7Z-1626-SM-CXKYR,GTEX-1LG7Z,35.0,46.741146,11.741146,Skin - Not Sun Exposed (Suprapubic),non_neural
GTEX-15RJE-0011-R5b-SM-H6Q7T,GTEX-15RJE,45.0,56.733875,11.733874999999998,Brain - Caudate (basal ganglia),neural
GTEX-QLQW-0126-SM-447BK,GTEX-QLQW,35.0,46.717953,11.717953,Spleen,non_neural
GTEX-13OW6-0526-SM-5L3HY,GTEX-13OW6,55.0,66.69478,11.694779999999994,Adipose - Subcutaneous,non_neural
GTEX-1KD4Q-0326-SM-E9TJA,GTEX-1KD4Q,45.0,56.67563,11.675629999999998,Muscle - Skeletal,non_neural
GTEX-1R9JW-2426-SM-DTXFI,GTEX-1R9JW,35.0,46.655033,11.655033000000005,Muscle - Skeletal,non_neural
GTEX-1KD4Q-0011-R2a-SM-F649I,GTEX-1KD4Q,45.0,56.646244,11.646244000000005,Brain - Substantia nigra,neural
GTEX-1LH75-0011-R9b-SM-EY5Y9,GTEX-1LH75,55.0,66.62831,11.62831,Brain - Spinal cord (cervical c-1),neural
GTEX-1PBJJ-0126-SM-GPIAI,GTEX-1PBJJ,35.0,46.603287,11.603287000000002,Skin - Sun Exposed (Lower leg),non_neural
GTEX-WH7G-1726-SM-4LVKY,GTEX-WH7G,45.0,56.596134,11.596134,Prostate,non_neural
GTEX-15RIF-1826-SM-6M469,GTEX-15RIF,25.0,36.59148,11.591479999999995,Testis,non_neural
GTEX-SNMC-0008-SM-4DM5A,GTEX-SNMC,25.0,36.56051,11.56051,Cells - Cultured fibroblasts,non_neural
GTEX-11DZ1-0226-SM-5A5KF,GTEX-11DZ1,55.0,66.56051,11.560509999999994,Adipose - Subcutaneous,non_neural
GTEX-QLQW-0426-SM-447A7,GTEX-QLQW,35.0,46.536118,11.536118000000002,Colon - Transverse,non_neural
GTEX-ZYVF-0226-SM-5GIEG,GTEX-ZYVF,55.0,66.47282,11.47282,Adipose - Subcutaneous,non_neural
GTEX-11EM3-0726-SM-5GZZM,GTEX-11EM3,25.0,36.462597,11.462597000000002,Esophagus - Muscularis,non_neural
GTEX-1GPI7-1026-SM-7MGY2,GTEX-1GPI7,25.0,36.462513,11.462513,Esophagus - Mucosa,non_neural
GTEX-1CAMR-0926-SM-7MXTD,GTEX-1CAMR,25.0,36.445126,11.445126000000002,Colon - Transverse,non_neural
GTEX-ZTPG-1226-SM-4YCDO,GTEX-ZTPG,25.0,36.443726,11.443725999999998,Heart - Left Ventricle,non_neural
GTEX-QLQW-1526-SM-G8W5P,GTEX-QLQW,35.0,46.363335,11.363335,Artery - Tibial,non_neural
GTEX-1M4P7-2626-SM-E9U5F,GTEX-1M4P7,65.0,76.328125,11.328125,Breast - Mammary Tissue,non_neural
GTEX-1QP9N-0226-SM-E9J4A,GTEX-1QP9N,35.0,46.286785,11.286785000000002,Artery - Aorta,non_neural
GTEX-ZQUD-1026-SM-4YCEZ,GTEX-ZQUD,35.0,46.27056,11.270560000000003,Colon - Sigmoid,non_neural
GTEX-1I6K6-1826-SM-B2LX5,GTEX-1I6K6,35.0,46.22132,11.22132,Colon - Transverse,non_neural
GTEX-XV7Q-2726-SM-9WG6W,GTEX-XV7Q,45.0,56.210827,11.210827000000002,Nerve - Tibial,neural
GTEX-1M5QR-2026-SM-DKPQL,GTEX-1M5QR,45.0,56.198566,11.198566,Artery - Tibial,non_neural
GTEX-1LG7Z-2126-SM-CXKYU,GTEX-1LG7Z,35.0,46.190083,11.190083,Muscle - Skeletal,non_neural
GTEX-P4QT-0726-SM-3NMCM,GTEX-P4QT,55.0,66.18048,11.180480000000005,Esophagus - Muscularis,non_neural
GTEX-ZAB4-1726-SM-5HL8C,GTEX-ZAB4,45.0,56.170998,11.170997999999996,Pancreas,non_neural
GTEX-12WSN-2726-SM-5LZUK,GTEX-12WSN,45.0,56.14197,11.14197,Artery - Tibial,non_neural
GTEX-18A6Q-0426-SM-731CC,GTEX-18A6Q,65.0,76.13518,11.135180000000004,Nerve - Tibial,neural
GTEX-15UKP-2026-SM-6LPIC,GTEX-15UKP,25.0,36.130135,11.130135000000005,Esophagus - Muscularis,non_neural
GTEX-1PBJJ-1226-SM-F3K66,GTEX-1PBJJ,35.0,46.125896,11.125895999999996,Adipose - Visceral (Omentum),non_neural
GTEX-12WSH-2426-SM-GHWOY,GTEX-12WSH,55.0,66.12049,11.120490000000004,Skin - Sun Exposed (Lower leg),non_neural
GTEX-11UD1-0011-R10a-SM-GIN97,GTEX-11UD1,45.0,56.099915,11.099915000000005,Brain - Frontal Cortex (BA9),neural
GTEX-1QP6S-1026-SM-DTXFW,GTEX-1QP6S,45.0,56.097588,11.097588000000002,Heart - Atrial Appendage,non_neural
GTEX-1CAMQ-1626-SM-7MGXG,GTEX-1CAMQ,45.0,56.092903,11.092903,Pancreas,non_neural
GTEX-ZAB4-0008-SM-4RGM6,GTEX-ZAB4,45.0,56.090897,11.090896999999998,Cells - Cultured fibroblasts,non_neural
GTEX-PX3G-0726-SM-48TZT,GTEX-PX3G,25.0,36.054024,11.054023999999998,Esophagus - Muscularis,non_neural
GTEX-11EQ9-0726-SM-5A5K2,GTEX-11EQ9,35.0,46.029186,11.029186000000005,Esophagus - Mucosa,non_neural
GTEX-T6MN-1826-SM-EXOHN,GTEX-T6MN,55.0,66.023506,11.023505999999998,Kidney - Cortex,non_neural
GTEX-U8XE-2526-SM-4E3IT,GTEX-U8XE,35.0,46.01568,11.015680000000003,Prostate,non_neural
GTEX-1KD4Q-0011-R9a-SM-G8LLU,GTEX-1KD4Q,45.0,56.00882,11.00882,Brain - Spinal cord (cervical c-1),neural
GTEX-1EN7A-0726-SM-7PBXT,GTEX-1EN7A,45.0,56.000618,11.000618000000005,Heart - Left Ventricle,non_neural
GTEX-YJ8A-1826-SM-GNTAB,GTEX-YJ8A,25.0,35.999863,10.999862999999998,Minor Salivary Gland,non_neural
GTEX-145MH-1426-SM-5QGPO,GTEX-145MH,55.0,65.997215,10.997214999999995,Nerve - Tibial,neural
GTEX-ZP4G-2326-SM-57WEM,GTEX-ZP4G,25.0,35.983017,10.983016999999997,Adipose - Subcutaneous,non_neural
GTEX-1EN7A-2226-SM-7MXU6,GTEX-1EN7A,45.0,55.954807,10.954807000000002,Testis,non_neural
GTEX-QLQW-0326-SM-447A8,GTEX-QLQW,35.0,45.91475,10.914749999999998,Pancreas,non_neural
GTEX-14ICK-2326-SM-H7OFR,GTEX-14ICK,45.0,55.910686,10.910685999999998,Testis,non_neural
GTEX-1NUQO-1326-SM-HK79B,GTEX-1NUQO,25.0,35.903572,10.903571999999995,Colon - Transverse,non_neural
GTEX-12WSE-0926-SM-5S2VX,GTEX-12WSE,25.0,35.84018,10.840179999999997,Heart - Atrial Appendage,non_neural
GTEX-1H1DE-0826-SM-ARU8V,GTEX-1H1DE,25.0,35.780514,10.780513999999997,Adipose - Visceral (Omentum),non_neural
GTEX-17EVP-0008-SM-EAZBZ,GTEX-17EVP,45.0,55.752155,10.752155000000002,Cells - Cultured fibroblasts,non_neural
GTEX-1H3VE-2326-SM-9KNVU,GTEX-1H3VE,45.0,55.749897,10.749896999999995,Colon - Sigmoid,non_neural
GTEX-1A32A-2626-SM-73KX9,GTEX-1A32A,55.0,65.74241,10.742410000000008,Colon - Sigmoid,non_neural
GTEX-145MH-0006-SM-GJ3QU,GTEX-145MH,55.0,65.71647,10.71647,Whole Blood,non_neural
GTEX-XPT6-2026-SM-4B64V,GTEX-XPT6,25.0,35.69224,10.692239999999998,Muscle - Skeletal,non_neural
GTEX-T2IS-2626-SM-32QPP,GTEX-T2IS,25.0,35.64966,10.649659999999995,Muscle - Skeletal,non_neural
GTEX-15G1A-0326-SM-6M467,GTEX-15G1A,35.0,45.561745,10.561745000000002,Thyroid,non_neural
GTEX-WEY5-0626-SM-4LMIA,GTEX-WEY5,45.0,55.56089,10.56089,Ovary,non_neural
GTEX-QEG5-0826-SM-2I5GF,GTEX-QEG5,25.0,35.554478,10.554478000000003,Thyroid,non_neural
GTEX-QLQW-0226-SM-447BJ,GTEX-QLQW,35.0,45.55433,10.55433,Adrenal Gland,non_neural
GTEX-1QAET-0826-SM-E76QR,GTEX-1QAET,55.0,65.55196,10.551959999999994,Artery - Coronary,non_neural
GTEX-14A5H-0526-SM-5TDCN,GTEX-14A5H,65.0,75.54012,10.540120000000002,Adipose - Subcutaneous,non_neural
GTEX-14BIL-1326-SM-5O9CZ,GTEX-14BIL,55.0,65.53099,10.530990000000005,Liver,non_neural
GTEX-RM2N-0126-SM-48FDD,GTEX-RM2N,55.0,65.52312,10.523120000000006,Adrenal Gland,non_neural
GTEX-16BQI-0226-SM-7KUEX,GTEX-16BQI,35.0,45.520714,10.520713999999998,Skin - Sun Exposed (Lower leg),non_neural
GTEX-144GM-1325-A-SM-H6618,GTEX-144GM,25.0,35.492805,10.492804999999995,Liver - Mixed Cell,non_neural
GTEX-1IKJJ-0526-SM-CMKG8,GTEX-1IKJJ,65.0,75.490585,10.490584999999996,Artery - Tibial,non_neural
GTEX-ZZ64-0425-B-SM-AW8OF,GTEX-ZZ64,25.0,35.482254,10.482253999999998,Stomach - Mucosa,non_neural
GTEX-17MF6-2726-SM-7IGMZ,GTEX-17MF6,45.0,55.474617,10.474617000000002,Testis,non_neural
GTEX-1GF9X-0926-SM-7PC2X,GTEX-1GF9X,45.0,55.46397,10.463970000000003,Adipose - Visceral (Omentum),non_neural
GTEX-ZUA1-2626-SM-5NQ92,GTEX-ZUA1,45.0,55.41922,10.419220000000005,Skin - Not Sun Exposed (Suprapubic),non_neural
GTEX-ZVE1-0326-SM-HL9TZ,GTEX-ZVE1,55.0,65.413666,10.413666000000006,Nerve - Tibial,neural
GTEX-1J1OQ-0011-R6a-SM-H7OFC,GTEX-1J1OQ,45.0,55.371418,10.371417999999998,Brain - Nucleus accumbens (basal ganglia),neural
GTEX-1KANA-1125-C-SM-AW8QM,GTEX-1KANA,25.0,35.36178,10.361780000000005,Stomach - Muscularis,non_neural
GTEX-1F88E-1826-SM-9MQLV,GTEX-1F88E,65.0,75.35695,10.356949999999998,Muscle - Skeletal,non_neural
GTEX-16NPX-0426-SM-7EWDJ,GTEX-16NPX,55.0,65.346565,10.346564999999998,Nerve - Tibial,neural
GTEX-1PIIG-0126-SM-E9J46,GTEX-1PIIG,35.0,45.34551,10.345509999999996,Muscle - Skeletal,non_neural
GTEX-X8HC-1626-SM-46MWE,GTEX-X8HC,55.0,65.34137,10.341369999999998,Heart - Left Ventricle,non_neural
GTEX-ZYT6-2826-SM-5GICX,GTEX-ZYT6,35.0,45.323215,10.323214999999998,Colon - Sigmoid,non_neural
GTEX-QESD-1626-SM-2S1RB,GTEX-QESD,25.0,35.32051,10.32051,Muscle - Skeletal,non_neural
GTEX-14PJM-1726-SM-6LLHB,GTEX-14PJM,55.0,65.30862,10.308620000000005,Esophagus - Gastroesophageal Junction,non_neural
GTEX-17MF6-1726-SM-7LTA3,GTEX-17MF6,45.0,55.288933,10.288933,Esophagus - Gastroesophageal Junction,non_neural
GTEX-1GL5R-2126-SM-9WYTK,GTEX-1GL5R,55.0,65.25472,10.254720000000006,Artery - Tibial,non_neural
GTEX-183FY-1426-SM-7DHLM,GTEX-183FY,25.0,35.225967,10.225966999999995,Colon - Sigmoid,non_neural
GTEX-11UD1-0011-R6b-SM-GI4WJ,GTEX-11UD1,45.0,55.219414,10.219414,Brain - Nucleus accumbens (basal ganglia),neural
GTEX-O5YT-1826-SM-32PK9,GTEX-O5YT,25.0,35.217575,10.217574999999997,Artery - Tibial,non_neural
GTEX-1477Z-0326-SM-7IGLA,GTEX-1477Z,65.0,75.21306,10.21306,Skin - Not Sun Exposed (Suprapubic),non_neural
GTEX-13VXT-1326-SM-5LU3Y,GTEX-13VXT,25.0,35.171925,10.171925000000002,Spleen,non_neural
GTEX-183FY-1126-SM-7DHLJ,GTEX-183FY,25.0,35.15413,10.154130000000002,Breast - Mammary Tissue,non_neural
GTEX-1MCYP-0526-SM-E9U6Q,GTEX-1MCYP,25.0,35.129105,10.129105000000004,Skin - Not Sun Exposed (Suprapubic),non_neural
GTEX-13RTK-0326-SM-5RQHS,GTEX-13RTK,25.0,35.125828,10.125827999999998,Thyroid,non_neural
GTEX-WFG8-1826-SM-4LVM4,GTEX-WFG8,25.0,35.096226,10.096226,Prostate,non_neural
GTEX-ZP4G-1226-SM-4WWCJ,GTEX-ZP4G,25.0,35.090126,10.090125999999998,Stomach,non_neural
GTEX-SN8G-0326-SM-32PLG,GTEX-SN8G,55.0,65.077805,10.077804999999998,Muscle - Skeletal,non_neural
GTEX-12KS4-1526-SM-5EQ6E,GTEX-12KS4,35.0,45.042458,10.042458000000003,Adipose - Visceral (Omentum),non_neural
GTEX-17MF6-1026-SM-7EWE1,GTEX-17MF6,45.0,55.03874,10.038739999999995,Artery - Aorta,non_neural
GTEX-ZF28-0126-SM-4WKGK,GTEX-ZF28,65.0,75.03708,10.037080000000005,Skin - Sun Exposed (Lower leg),non_neural
GTEX-1S831-1526-SM-HLJQS,GTEX-1S831,25.0,35.03573,10.03573,Small Intestine - Terminal Ileum,non_neural
GTEX-1RDX4-0526-SM-EAZ44,GTEX-1RDX4,55.0,65.00973,10.009730000000005,Artery - Tibial,non_neural
GTEX-1AX8Z-2526-SM-731E3,GTEX-1AX8Z,65.0,54.937996,-10.062004000000002,Small Intestine - Terminal Ileum,non_neural
GTEX-ZPCL-1326-SM-57WFN,GTEX-ZPCL,65.0,54.93587,-10.06413,Esophagus - Gastroesophageal Junction,non_neural
GTEX-14XAO-0008-SM-E9U4M,GTEX-14XAO,65.0,54.912544,-10.087456000000005,Cells - Cultured fibroblasts,non_neural
GTEX-1H1DG-2926-SM-9WYU3,GTEX-1H1DG,75.0,64.876915,-10.123085000000003,Brain - Cortex,neural
GTEX-1I6K6-0426-SM-CM2TN,GTEX-1I6K6,35.0,24.875854,-10.124146,Nerve - Tibial,neural
GTEX-14PJ6-0226-SM-6AJ9K,GTEX-14PJ6,65.0,54.846676,-10.153323999999998,Spleen,non_neural
GTEX-1OFPY-0126-SM-EXOJ3,GTEX-1OFPY,65.0,54.829704,-10.170296,Spleen,non_neural
GTEX-1RLM8-0011-R10a-SM-F3414,GTEX-1RLM8,55.0,44.818962,-10.181038,Brain - Frontal Cortex (BA9),neural
GTEX-1GPI6-0005-SM-ADEGT,GTEX-1GPI6,65.0,54.81141,-10.188589999999998,Whole Blood,non_neural
GTEX-1BAJH-1626-SM-73KUV,GTEX-1BAJH,75.0,64.80618,-10.193820000000002,Heart - Left Ventricle,non_neural
GTEX-TKQ2-0004-SM-3NMAC,GTEX-TKQ2,55.0,44.77286,-10.22714,Cells - EBV-transformed lymphocytes,non_neural
GTEX-1CB4E-0826-SM-793CS,GTEX-1CB4E,65.0,54.763565,-10.236435,Adipose - Visceral (Omentum),non_neural
GTEX-O5YV-0226-SM-48TBY,GTEX-O5YV,65.0,54.7463,-10.253700000000002,Adipose - Subcutaneous,non_neural
GTEX-11EI6-3126-SM-5H111,GTEX-11EI6,65.0,54.745415,-10.254585,Pituitary,non_neural
GTEX-REY6-1126-SM-48FDU,GTEX-REY6,65.0,54.73708,-10.26292,Artery - Aorta,non_neural
GTEX-145LS-0226-SM-5O9A5,GTEX-145LS,65.0,54.731693,-10.268307,Adipose - Subcutaneous,non_neural
GTEX-1R9K5-2226-SM-DTX9G,GTEX-1R9K5,55.0,44.72245,-10.277549999999998,Colon - Sigmoid,non_neural
GTEX-12BJ1-0726-SM-5EGGF,GTEX-12BJ1,65.0,54.71152,-10.28848,Spleen,non_neural
GTEX-REY6-0926-SM-48FDA,GTEX-REY6,65.0,54.69967,-10.300330000000002,Artery - Coronary,non_neural
GTEX-1LSNM-0005-SM-CXZIW,GTEX-1LSNM,55.0,44.68599,-10.314010000000003,Whole Blood,non_neural
GTEX-1RQEC-0006-SM-CL542,GTEX-1RQEC,65.0,54.683483,-10.316516999999996,Whole Blood,non_neural
GTEX-1313W-0326-SM-5LZU5,GTEX-1313W,55.0,44.66462,-10.33538,Nerve - Tibial,neural
GTEX-14LLW-0011-R3b-SM-62LFW,GTEX-14LLW,75.0,64.6613,-10.338700000000005,Brain - Anterior cingulate cortex (BA24),neural
GTEX-RWS6-1226-SM-HL9T9,GTEX-RWS6,65.0,54.653225,-10.346775,Fallopian Tube,non_neural
GTEX-12BJ1-1126-SM-5EGGG,GTEX-12BJ1,65.0,54.63695,-10.36305,Pancreas,non_neural
GTEX-183WM-2526-SM-731BP,GTEX-183WM,75.0,64.63184,-10.368160000000003,Colon - Sigmoid,non_neural
GTEX-13SLW-0126-SM-5SI6C,GTEX-13SLW,75.0,64.62743,-10.372569999999996,Skin - Sun Exposed (Lower leg),non_neural
GTEX-1CB4G-0526-SM-7P8SY,GTEX-1CB4G,65.0,54.609722,-10.390278000000002,Artery - Tibial,non_neural
GTEX-1JMQL-0926-SM-CJI3F,GTEX-1JMQL,55.0,44.594307,-10.405693,Thyroid,non_neural
GTEX-15DCD-1926-SM-HAV33,GTEX-15DCD,75.0,64.592896,-10.407104000000004,Kidney - Cortex,non_neural
GTEX-1OKEX-0226-SM-HM8UQ,GTEX-1OKEX,65.0,54.58179,-10.418210000000002,Thyroid,non_neural
GTEX-XUW1-1426-SM-HAUXO,GTEX-XUW1,55.0,44.533173,-10.466827000000002,Esophagus - Mucosa,non_neural
GTEX-Y111-2326-SM-HL9TX,GTEX-Y111,55.0,44.528336,-10.471663999999995,Prostate,non_neural
GTEX-1192W-0008-SM-5QGRE,GTEX-1192W,65.0,54.507244,-10.492756,Cells - Cultured fibroblasts,non_neural
GTEX-11GS4-0008-SM-5QGRA,GTEX-11GS4,65.0,54.502213,-10.497787000000002,Cells - Cultured fibroblasts,non_neural
GTEX-1B97J-2126-SM-79OL6,GTEX-1B97J,55.0,44.49076,-10.509239999999998,Minor Salivary Gland,non_neural
GTEX-1IDJH-2026-SM-CNNQX,GTEX-1IDJH,75.0,64.46012,-10.539879999999997,Esophagus - Mucosa,non_neural
GTEX-XYKS-0226-SM-4BRW3,GTEX-XYKS,65.0,54.457245,-10.542755,Heart - Atrial Appendage,non_neural
GTEX-V1D1-2026-SM-3GAF4,GTEX-V1D1,55.0,44.39748,-10.602519999999998,Skin - Not Sun Exposed (Suprapubic),non_neural
GTEX-YF7O-1726-SM-5IFJ9,GTEX-YF7O,55.0,44.3974,-10.602600000000002,Colon - Transverse,non_neural
GTEX-13QBU-2426-SM-5LU4L,GTEX-13QBU,45.0,34.38822,-10.611780000000005,Muscle - Skeletal,non_neural
GTEX-1E2YA-1926-SM-7P8QH,GTEX-1E2YA,55.0,44.3852,-10.614800000000002,Esophagus - Gastroesophageal Junction,non_neural
GTEX-R55F-1426-SM-2TF53,GTEX-R55F,55.0,44.37893,-10.621070000000003,Adipose - Subcutaneous,non_neural
GTEX-14PJO-0526-SM-6EU2O,GTEX-14PJO,65.0,54.376534,-10.623466,Muscle - Skeletal,non_neural
GTEX-1MUQO-2326-SM-HK78O,GTEX-1MUQO,65.0,54.374733,-10.625267,Adrenal Gland,non_neural
GTEX-16NPV-3226-SM-7MGW6,GTEX-16NPV,55.0,44.36347,-10.63653,Pituitary,non_neural
GTEX-XQ8I-0926-SM-4BOOF,GTEX-XQ8I,55.0,44.354687,-10.645313000000002,Skin - Not Sun Exposed (Suprapubic),non_neural
GTEX-XXEK-0126-SM-4BRVU,GTEX-XXEK,55.0,44.340923,-10.659077000000003,Spleen,non_neural
GTEX-148VJ-0626-SM-5LUAW,GTEX-148VJ,75.0,64.33293,-10.667069999999995,Skin - Not Sun Exposed (Suprapubic),non_neural
GTEX-N7MT-0126-SM-2D7VT,GTEX-N7MT,65.0,54.326065,-10.673935,Lung,non_neural
GTEX-WRHU-0426-SM-F21IU,GTEX-WRHU,55.0,44.31574,-10.684260000000002,Adrenal Gland,non_neural
GTEX-15SKB-2526-SM-6PALP,GTEX-15SKB,65.0,54.27559,-10.72441,Muscle - Skeletal,non_neural
GTEX-12696-2826-SM-5FQTY,GTEX-12696,65.0,54.269226,-10.730773999999997,Muscle - Skeletal,non_neural
GTEX-1JMQJ-2926-SM-D5OV4,GTEX-1JMQJ,55.0,44.253647,-10.746353,Pituitary,non_neural
GTEX-17EVQ-0526-SM-7KFSK,GTEX-17EVQ,75.0,64.24932,-10.750680000000004,Thyroid,non_neural
GTEX-Y5V6-0426-SM-4VBRZ,GTEX-Y5V6,65.0,54.231594,-10.768406,Artery - Aorta,non_neural
GTEX-1EWIQ-0011-R9a-SM-ARL8L,GTEX-1EWIQ,75.0,64.231316,-10.768683999999991,Brain - Spinal cord (cervical c-1),neural
GTEX-1QP28-0426-SM-E8VOL,GTEX-1QP28,55.0,44.214592,-10.785407999999997,Artery - Tibial,non_neural
GTEX-13OVJ-1726-SM-5IJDZ,GTEX-13OVJ,55.0,44.197998,-10.802002000000002,Colon - Transverse,non_neural
GTEX-1JN76-1426-SM-AHZ4F,GTEX-1JN76,25.0,14.182495,-10.817505,Ovary,non_neural
GTEX-1IKK5-2726-SM-CNPQ6,GTEX-1IKK5,65.0,54.148636,-10.851363999999997,Colon - Transverse,non_neural
GTEX-11EMC-2526-SM-5PNVU,GTEX-11EMC,65.0,54.137356,-10.862644000000005,Minor Salivary Gland,non_neural
GTEX-1EH9U-0626-SM-7PC33,GTEX-1EH9U,65.0,54.133873,-10.866127,Heart - Atrial Appendage,non_neural
GTEX-1EMGI-2326-SM-7PBYA,GTEX-1EMGI,65.0,54.1188,-10.8812,Skin - Not Sun Exposed (Suprapubic),non_neural
GTEX-13N11-1126-SM-5KM41,GTEX-13N11,55.0,44.072365,-10.927635000000002,Uterus,non_neural
GTEX-ZVP2-1526-SM-5NQ82,GTEX-ZVP2,55.0,44.03116,-10.96884,Colon - Transverse,non_neural
GTEX-14LZ3-0005-SM-7MXUG,GTEX-14LZ3,65.0,54.01655,-10.983449999999998,Whole Blood,non_neural
GTEX-13QIC-1526-SM-5IJFL,GTEX-13QIC,65.0,54.013126,-10.986874,Ovary,non_neural
GTEX-QCQG-2126-SM-DTXFV,GTEX-QCQG,55.0,44.005054,-10.994946,Muscle - Skeletal,non_neural
GTEX-YEC3-0005-SM-4W21J,GTEX-YEC3,55.0,44.0042,-10.995800000000004,Whole Blood,non_neural
GTEX-1MUQO-1726-SM-GOQYR,GTEX-1MUQO,65.0,53.982616,-11.017384,Esophagus - Gastroesophageal Junction,non_neural
GTEX-13OW5-0126-SM-DTXFS,GTEX-13OW5,65.0,53.962284,-11.037716000000003,Skin - Sun Exposed (Lower leg),non_neural
GTEX-1OKEX-2326-SM-GI4XN,GTEX-1OKEX,65.0,53.944977,-11.055022999999998,Skin - Sun Exposed (Lower leg),non_neural
GTEX-ZEX8-1626-SM-4WKG7,GTEX-ZEX8,55.0,43.891537,-11.108463,Stomach,non_neural
GTEX-1EX96-1626-SM-7PBXR,GTEX-1EX96,55.0,43.839413,-11.160587,Skin - Sun Exposed (Lower leg),non_neural
GTEX-13O61-0226-SM-5KM52,GTEX-13O61,65.0,53.835835,-11.164164999999995,Thyroid,non_neural
GTEX-15SDE-2026-SM-GPIA7,GTEX-15SDE,55.0,43.8313,-11.1687,Artery - Aorta,non_neural
GTEX-ZF3C-0008-SM-4E3IL,GTEX-ZF3C,55.0,43.80773,-11.19227,Cells - Cultured fibroblasts,non_neural
GTEX-18A66-2426-SM-7KFSQ,GTEX-18A66,65.0,53.8047,-11.195300000000003,Colon - Transverse,non_neural
GTEX-12BJ1-1726-SM-5HL9B,GTEX-12BJ1,65.0,53.782497,-11.217503,Stomach,non_neural
GTEX-1HBPI-0126-SM-CMKGQ,GTEX-1HBPI,55.0,43.773876,-11.226124,Artery - Aorta,non_neural
GTEX-1BAJH-2126-SM-7EWFB,GTEX-1BAJH,75.0,63.76818,-11.23182,Adipose - Visceral (Omentum),non_neural
GTEX-131XE-1026-SM-5EGKE,GTEX-131XE,55.0,43.76762,-11.23238,Colon - Sigmoid,non_neural
GTEX-1H1CY-0326-SM-9QEIZ,GTEX-1H1CY,65.0,53.761856,-11.238143999999998,Heart - Left Ventricle,non_neural
GTEX-1S82P-0926-SM-EWRNP,GTEX-1S82P,65.0,53.761044,-11.238956000000002,Adipose - Visceral (Omentum),non_neural
GTEX-18D9B-0008-SM-EAZBT,GTEX-18D9B,65.0,53.74093,-11.25907,Cells - Cultured fibroblasts,non_neural
GTEX-1LH75-0326-SM-GMXBR,GTEX-1LH75,55.0,43.73265,-11.26735,Artery - Aorta,non_neural
GTEX-WYBS-0326-SM-3NM8S,GTEX-WYBS,65.0,53.651096,-11.348903999999996,Nerve - Tibial,neural
GTEX-1ICLZ-0926-SM-CKZPQ,GTEX-1ICLZ,65.0,53.636784,-11.363216,Lung,non_neural
GTEX-18D9B-2126-SM-7LTAQ,GTEX-18D9B,65.0,53.610058,-11.389941999999998,Esophagus - Muscularis,non_neural
GTEX-13113-1426-SM-5EGHU,GTEX-13113,65.0,53.601997,-11.398003000000005,Colon - Sigmoid,non_neural
GTEX-1F88F-0008-SM-EAZCT,GTEX-1F88F,65.0,53.530926,-11.469074,Cells - Cultured fibroblasts,non_neural
GTEX-14BMV-1626-SM-5P9I2,GTEX-14BMV,55.0,43.470356,-11.529643999999998,Adipose - Visceral (Omentum),non_neural
GTEX-12BJ1-1926-SM-5HL9Z,GTEX-12BJ1,65.0,53.468037,-11.531962999999998,Small Intestine - Terminal Ileum,non_neural
GTEX-1N2EE-2726-SM-F2I1N,GTEX-1N2EE,65.0,53.46697,-11.533029999999997,Colon - Transverse,non_neural
GTEX-1MJK2-1026-SM-GNIPF,GTEX-1MJK2,55.0,43.389038,-11.610962,Skin - Not Sun Exposed (Suprapubic),non_neural
GTEX-S3XE-1226-SM-4AD4L,GTEX-S3XE,55.0,43.383175,-11.616825,Bladder,non_neural
GTEX-WY7C-1026-SM-4OND3,GTEX-WY7C,55.0,43.35693,-11.643070000000002,Pancreas,non_neural
GTEX-1JMOU-0226-SM-CNNPD,GTEX-1JMOU,65.0,53.297806,-11.702194,Heart - Left Ventricle,non_neural
GTEX-ZVT2-2626-SM-51MTD,GTEX-ZVT2,55.0,43.285217,-11.714782999999995,Artery - Tibial,non_neural
GTEX-15CHC-1326-SM-6LLJA,GTEX-15CHC,65.0,53.273952,-11.726048,Esophagus - Gastroesophageal Junction,non_neural
GTEX-1EWIQ-2226-SM-7MGXJ,GTEX-1EWIQ,75.0,63.249878,-11.750121999999998,Ovary,non_neural
GTEX-ZVZQ-0011-R1a-SM-57WBU,GTEX-ZVZQ,65.0,53.22428,-11.77572,Brain - Hippocampus,neural
GTEX-1EKGG-2226-SM-7IGOA,GTEX-1EKGG,65.0,53.199814,-11.800185999999997,Kidney - Cortex,non_neural
GTEX-YF7O-0526-SM-5P9IO,GTEX-YF7O,55.0,43.157116,-11.842883999999998,Heart - Atrial Appendage,non_neural
GTEX-1H1ZS-2626-SM-9QEIX,GTEX-1H1ZS,75.0,63.123882,-11.876117999999998,Colon - Sigmoid,non_neural
GTEX-OIZI-0226-SM-2XCEE,GTEX-OIZI,45.0,33.119026,-11.880974000000002,Adipose - Subcutaneous,non_neural
GTEX-TSE9-3126-SM-4DXSY,GTEX-TSE9,65.0,53.114563,-11.885437000000003,Pituitary,non_neural
GTEX-13W3W-0426-SM-5MR6E,GTEX-13W3W,65.0,53.099987,-11.900013,Heart - Left Ventricle,non_neural
GTEX-14E7W-0526-SM-5S2W8,GTEX-14E7W,75.0,63.077324,-11.922676000000004,Artery - Tibial,non_neural
GTEX-1I1GU-0226-SM-AHZ2J,GTEX-1I1GU,45.0,33.03177,-11.968229999999998,Adrenal Gland,non_neural
GTEX-1KANC-1626-SM-E6CIA,GTEX-1KANC,55.0,43.029587,-11.970413,Muscle - Skeletal,non_neural
GTEX-O5YV-1226-SM-EV795,GTEX-O5YV,65.0,53.02345,-11.976550000000003,Kidney - Cortex,non_neural
GTEX-17EVQ-1926-SM-7IGOF,GTEX-17EVQ,75.0,63.017265,-11.982734999999998,Esophagus - Mucosa,non_neural
GTEX-1N2EF-0005-SM-CXZIL,GTEX-1N2EF,65.0,52.989754,-12.010246000000002,Whole Blood,non_neural
GTEX-131XF-2326-SM-5BC6B,GTEX-131XF,65.0,52.98876,-12.01124,Muscle - Skeletal,non_neural
GTEX-QLQ7-1626-SM-2S1R8,GTEX-QLQ7,65.0,52.94789,-12.05211,Skin - Sun Exposed (Lower leg),non_neural
GTEX-U8T8-1426-SM-3DB9H,GTEX-U8T8,65.0,52.945442,-12.054558,Muscle - Skeletal,non_neural
GTEX-16NPV-0011-R11a-SM-7IGMK,GTEX-16NPV,55.0,42.934135,-12.065865000000002,Brain - Cerebellar Hemisphere,neural
GTEX-X4XY-0011-R8A-SM-46MVC,GTEX-X4XY,65.0,52.90988,-12.09012,Brain - Hypothalamus,neural
GTEX-1N5O9-1226-SM-HAUYN,GTEX-1N5O9,65.0,52.90617,-12.093829999999995,Lung,non_neural
GTEX-1CB4E-0526-SM-7MXTK,GTEX-1CB4E,65.0,52.885307,-12.114693000000004,Heart - Left Ventricle,non_neural
GTEX-17GQL-0526-SM-72D5N,GTEX-17GQL,65.0,52.86297,-12.137030000000005,Heart - Left Ventricle,non_neural
GTEX-14PN4-0005-SM-7PC21,GTEX-14PN4,55.0,42.835423,-12.164577,Whole Blood,non_neural
GTEX-1OKEX-2426-SM-GINB2,GTEX-1OKEX,65.0,52.83182,-12.16818,Muscle - Skeletal,non_neural
GTEX-1BAJH-2626-SM-7EPG6,GTEX-1BAJH,75.0,62.788467,-12.211533000000005,Adrenal Gland,non_neural
GTEX-S95S-1126-SM-4B64E,GTEX-S95S,65.0,52.76841,-12.231589999999995,Testis,non_neural
GTEX-111FC-2026-SM-5GZYO,GTEX-111FC,65.0,52.75726,-12.242739999999998,Prostate,non_neural
GTEX-YECK-0326-SM-4W1YS,GTEX-YECK,65.0,52.753696,-12.246304000000002,Skin - Not Sun Exposed (Suprapubic),non_neural
GTEX-1MUQO-1326-SM-EV7AE,GTEX-1MUQO,65.0,52.722393,-12.277607000000003,Spleen,non_neural
GTEX-15CHQ-2226-SM-HAUY2,GTEX-15CHQ,65.0,52.709007,-12.290993,Adrenal Gland,non_neural
GTEX-Y3I4-2426-SM-6LLJK,GTEX-Y3I4,55.0,42.670563,-12.329437,Nerve - Tibial,neural
GTEX-15RIE-5021-SM-HL11W,GTEX-15RIE,65.0,52.625084,-12.374916,Muscle - Skeletal,non_neural
GTEX-14PJ4-0326-SM-664OT,GTEX-14PJ4,65.0,52.62157,-12.378430000000002,Thyroid,non_neural
GTEX-1LVAM-0426-SM-DIPFM,GTEX-1LVAM,55.0,42.5934,-12.406599999999996,Nerve - Tibial,neural
GTEX-16XZY-1126-SM-GPIA3,GTEX-16XZY,75.0,62.58354,-12.41646,Esophagus - Muscularis,non_neural
GTEX-13JVG-0005-SM-HKZYO,GTEX-13JVG,65.0,52.5692,-12.430799999999998,Whole Blood,non_neural
GTEX-11WQK-0626-SM-GHWPR,GTEX-11WQK,55.0,42.553463,-12.446537,Adipose - Subcutaneous,non_neural
GTEX-11NV4-1926-SM-5N9D4,GTEX-11NV4,65.0,52.544144,-12.455855999999995,Minor Salivary Gland,non_neural
GTEX-XPVG-0008-SM-4GICH,GTEX-XPVG,55.0,42.49344,-12.50656,Cells - Cultured fibroblasts,non_neural
GTEX-139TT-0006-SM-5O9CG,GTEX-139TT,65.0,52.469437,-12.530563,Whole Blood,non_neural
GTEX-139T6-1826-SM-5KM2E,GTEX-139T6,55.0,42.414833,-12.585166999999998,Artery - Tibial,non_neural
GTEX-1J8EW-1626-SM-C1YQ8,GTEX-1J8EW,65.0,52.412983,-12.587017000000005,Liver,non_neural
GTEX-14E7W-1326-SM-5RQIV,GTEX-14E7W,75.0,62.35772,-12.64228,Lung,non_neural
GTEX-1LC47-0126-SM-GNIP7,GTEX-1LC47,65.0,52.336792,-12.663207999999996,Skin - Not Sun Exposed (Suprapubic),non_neural
GTEX-13NYS-0626-SM-5L3F1,GTEX-13NYS,65.0,52.327366,-12.672634000000002,Skin - Not Sun Exposed (Suprapubic),non_neural
GTEX-1MA7X-0626-SM-E9TJI,GTEX-1MA7X,65.0,52.268555,-12.731445,Lung,non_neural
GTEX-1EKGG-1426-SM-7PBY2,GTEX-1EKGG,65.0,52.22436,-12.775640000000005,Adipose - Visceral (Omentum),non_neural
GTEX-1QP66-1626-SM-E76PC,GTEX-1QP66,55.0,42.17092,-12.829079999999998,Muscle - Skeletal,non_neural
GTEX-WL46-2126-SM-GQ1DY,GTEX-WL46,55.0,42.091618,-12.908382000000003,Prostate,non_neural
GTEX-QLQ7-0008-SM-447AW,GTEX-QLQ7,65.0,52.006615,-12.993385000000004,Cells - Cultured fibroblasts,non_neural
GTEX-1MUQO-0426-SM-E9J2Z,GTEX-1MUQO,65.0,51.98732,-13.012680000000003,Artery - Tibial,non_neural
GTEX-111VG-2526-SM-5GZXP,GTEX-111VG,65.0,51.982967,-13.017032999999998,Nerve - Tibial,neural
GTEX-ZT9W-2226-SM-57WFU,GTEX-ZT9W,55.0,41.900887,-13.099113000000004,Testis,non_neural
GTEX-ZQG8-2526-SM-57WEQ,GTEX-ZQG8,65.0,51.890568,-13.109431999999998,Small Intestine - Terminal Ileum,non_neural
GTEX-17JCI-2526-SM-7DHLB,GTEX-17JCI,65.0,51.817894,-13.182105999999996,Vagina,non_neural
GTEX-VUSG-0626-SM-4KL1Z,GTEX-VUSG,55.0,41.71811,-13.281889999999995,Artery - Coronary,non_neural
GTEX-1H3NZ-0008-SM-F21JR,GTEX-1H3NZ,65.0,51.67646,-13.32354,Cells - Cultured fibroblasts,non_neural
GTEX-1B8L1-1326-SM-7MKG6,GTEX-1B8L1,65.0,51.575386,-13.424613999999998,Adrenal Gland,non_neural
GTEX-XGQ4-0426-SM-4AT4I,GTEX-XGQ4,55.0,41.53618,-13.463819999999998,Thyroid,non_neural
GTEX-1EWIQ-3126-SM-7MXTI,GTEX-1EWIQ,75.0,61.50404,-13.495959999999997,Brain - Cortex,neural
GTEX-1H1DG-2026-SM-9QEIV,GTEX-1H1DG,75.0,61.45345,-13.546550000000003,Adipose - Visceral (Omentum),non_neural
GTEX-1HSMP-0126-SM-E6CJS,GTEX-1HSMP,75.0,61.416954,-13.583046000000005,Skin - Sun Exposed (Lower leg),non_neural
GTEX-P4QS-0926-SM-48TBS,GTEX-P4QS,65.0,51.39353,-13.606470000000002,Spleen,non_neural
GTEX-14753-0126-SM-5S2TX,GTEX-14753,65.0,51.37807,-13.62193,Nerve - Tibial,neural
GTEX-17HHE-0126-SM-79398,GTEX-17HHE,55.0,41.320297,-13.679703000000003,Liver,non_neural
GTEX-Y5V6-1026-SM-4VBS2,GTEX-Y5V6,65.0,51.275337,-13.724663,Esophagus - Mucosa,non_neural
GTEX-13OVG-0326-SM-5KM57,GTEX-13OVG,65.0,51.267353,-13.732647,Lung,non_neural
GTEX-T2YK-0326-SM-4DM7D,GTEX-T2YK,55.0,41.218155,-13.781844999999995,Nerve - Tibial,neural
GTEX-1H1DG-0726-SM-A96TN,GTEX-1H1DG,75.0,61.18451,-13.815489999999995,Thyroid,non_neural
GTEX-1HCUA-1725-D-SM-H661S,GTEX-1HCUA,55.0,41.164375,-13.835625,Small Intestine - Terminal Ileum - Lymphoid Aggregate,non_neural
GTEX-14PK6-0226-SM-62LF5,GTEX-14PK6,75.0,61.11093,-13.889069999999997,Skin - Not Sun Exposed (Suprapubic),non_neural
GTEX-SUCS-1126-SM-4DM61,GTEX-SUCS,75.0,60.93239,-14.067610000000002,Prostate,non_neural
GTEX-1RB15-2226-SM-DTXFZ,GTEX-1RB15,65.0,50.9066,-14.093400000000004,Muscle - Skeletal,non_neural
GTEX-11DYG-1126-SM-GINAD,GTEX-11DYG,65.0,50.843925,-14.156075,Heart - Left Ventricle,non_neural
GTEX-12BJ1-2226-SM-5BC6G,GTEX-12BJ1,65.0,50.835632,-14.164368000000003,Minor Salivary Gland,non_neural
GTEX-117YX-2026-SM-5GIEF,GTEX-117YX,55.0,40.82649,-14.17351,Testis,non_neural
GTEX-13N1W-0426-SM-5MR46,GTEX-13N1W,75.0,60.764946,-14.235053999999998,Nerve - Tibial,neural
GTEX-139T8-0226-SM-5L3EA,GTEX-139T8,65.0,50.659245,-14.340755,Adipose - Subcutaneous,non_neural
GTEX-1211K-1326-SM-5FQV2,GTEX-1211K,65.0,50.6451,-14.3549,Esophagus - Gastroesophageal Junction,non_neural
GTEX-1CB4I-0006-SM-A96RF,GTEX-1CB4I,55.0,40.636074,-14.363926,Whole Blood,non_neural
GTEX-1GF9W-0526-SM-9MQJP,GTEX-1GF9W,65.0,50.571323,-14.428677,Muscle - Skeletal,non_neural
GTEX-ZLV1-0005-SM-4WWAP,GTEX-ZLV1,65.0,50.525604,-14.474396,Whole Blood,non_neural
GTEX-1AX8Z-0826-SM-7DUFZ,GTEX-1AX8Z,65.0,50.49891,-14.501089999999998,Thyroid,non_neural
GTEX-13OW5-0011-R9b-SM-5O9CL,GTEX-13OW5,65.0,50.47317,-14.526829999999997,Brain - Spinal cord (cervical c-1),neural
GTEX-ZQG8-0326-SM-51MSE,GTEX-ZQG8,65.0,50.466328,-14.533672000000005,Lung,non_neural
GTEX-WHWD-0005-SM-3LK7D,GTEX-WHWD,55.0,40.439667,-14.560333,Whole Blood,non_neural
GTEX-1GZ4H-1026-SM-9OSXL,GTEX-1GZ4H,55.0,40.393967,-14.606032999999996,Stomach,non_neural
GTEX-ZQG8-2426-SM-57WEE,GTEX-ZQG8,65.0,50.37689,-14.623109999999995,Colon - Sigmoid,non_neural
GTEX-14E7W-3126-SM-68725,GTEX-14E7W,75.0,60.31916,-14.680840000000003,Pituitary,non_neural
GTEX-S4Z8-0526-SM-4AD4T,GTEX-S4Z8,65.0,50.27693,-14.72307,Liver,non_neural
GTEX-1J8Q3-2126-SM-ARU8O,GTEX-1J8Q3,65.0,50.221897,-14.778103000000002,Esophagus - Gastroesophageal Junction,non_neural
GTEX-1GN2E-2026-SM-9JGGG,GTEX-1GN2E,65.0,50.143852,-14.856147999999996,Prostate,non_neural
GTEX-ZTTD-0001-SM-4YCD5,GTEX-ZTTD,55.0,40.13527,-14.864730000000002,Cells - EBV-transformed lymphocytes,non_neural
GTEX-13CF3-1726-SM-5LU9E,GTEX-13CF3,65.0,50.071304,-14.928696000000002,Esophagus - Gastroesophageal Junction,non_neural
GTEX-PSDG-1626-SM-48TCQ,GTEX-PSDG,55.0,40.00248,-14.997520000000002,Breast - Mammary Tissue,non_neural
GTEX-11WQK-2826-SM-5EQKH,GTEX-11WQK,55.0,39.902843,-15.097157000000005,Testis,non_neural
GTEX-ZQG8-1226-SM-51MRX,GTEX-ZQG8,65.0,49.778103,-15.221896999999998,Muscle - Skeletal,non_neural
GTEX-1GF9W-1326-SM-7P8PX,GTEX-1GF9W,65.0,49.743023,-15.256977,Kidney - Cortex,non_neural
GTEX-1HBPI-0726-SM-9WG7Z,GTEX-1HBPI,55.0,39.728165,-15.271835000000005,Stomach,non_neural
GTEX-13JVG-1426-SM-5MR4W,GTEX-13JVG,65.0,49.677433,-15.322567,Lung,non_neural
GTEX-ZQG8-1526-SM-5HL65,GTEX-ZQG8,65.0,49.620735,-15.379264999999997,Adipose - Subcutaneous,non_neural
GTEX-1EU9M-0008-SM-EY5XQ,GTEX-1EU9M,65.0,49.565506,-15.434494,Cells - Cultured fibroblasts,non_neural
GTEX-1LSVX-1226-SM-DHXJN,GTEX-1LSVX,65.0,49.50027,-15.49973,Esophagus - Mucosa,non_neural
GTEX-11WQK-1526-SM-5EGKN,GTEX-11WQK,55.0,39.483818,-15.516182,Adipose - Visceral (Omentum),non_neural
GTEX-18A66-2025-C-SM-H661X,GTEX-18A66,65.0,49.398216,-15.601784000000002,Liver - Hepatocyte,non_neural
GTEX-ZY6K-1226-SM-5GZYL,GTEX-ZY6K,55.0,39.322212,-15.677788,Colon - Transverse,non_neural
GTEX-13JVG-3026-SM-5IJEV,GTEX-13JVG,65.0,49.3201,-15.679900000000004,Pituitary,non_neural
GTEX-1J8EW-0008-SM-F2I1F,GTEX-1J8EW,65.0,49.303337,-15.696663,Cells - Cultured fibroblasts,non_neural
GTEX-16XZY-1426-SM-HAUZD,GTEX-16XZY,75.0,59.281277,-15.718722999999995,Adipose - Visceral (Omentum),non_neural
GTEX-P4QS-1526-SM-HPAFM,GTEX-P4QS,65.0,49.203865,-15.796135,Stomach,non_neural
GTEX-1MUQO-0726-SM-E9TJM,GTEX-1MUQO,65.0,49.125793,-15.874206999999998,Thyroid,non_neural
GTEX-1MCQQ-0005-SM-DKPPV,GTEX-1MCQQ,65.0,49.115643,-15.884357,Whole Blood,non_neural
GTEX-1BAJH-2326-SM-7IGMO,GTEX-1BAJH,75.0,59.04783,-15.952170000000002,Colon - Transverse,non_neural
GTEX-1MCQQ-2426-SM-DLHBZ,GTEX-1MCQQ,65.0,48.909546,-16.090454,Pituitary,non_neural
GTEX-18A66-2425-B-SM-DLZQR,GTEX-18A66,65.0,48.809,-16.191000000000003,Colon - Transverse - Mucosa,non_neural
GTEX-131XF-1226-SM-5HL8V,GTEX-131XF,65.0,48.73157,-16.268430000000002,Stomach,non_neural
GTEX-1IDJH-0326-SM-A9SLQ,GTEX-1IDJH,75.0,58.697945,-16.302055000000003,Skin - Sun Exposed (Lower leg),non_neural
GTEX-1IDJC-0226-SM-CMKG2,GTEX-1IDJC,55.0,38.62519,-16.374809999999997,Adipose - Visceral (Omentum),non_neural
GTEX-WRHU-2926-SM-4MVNQ,GTEX-WRHU,55.0,38.581955,-16.418045,Vagina,non_neural
GTEX-13OVG-0726-SM-5IJBY,GTEX-13OVG,65.0,48.54965,-16.45035,Artery - Coronary,non_neural
GTEX-14BIM-0426-SM-5MR6O,GTEX-14BIM,65.0,48.233498,-16.766502000000003,Nerve - Tibial,neural
GTEX-1R9K5-0726-SM-EAZ4E,GTEX-1R9K5,55.0,38.140377,-16.859623,Thyroid,non_neural
GTEX-1BAJH-1526-SM-7RHGI,GTEX-1BAJH,75.0,58.07597,-16.924030000000002,Liver,non_neural
GTEX-1ICG6-1326-SM-ACKWR,GTEX-1ICG6,75.0,58.045414,-16.954586,Breast - Mammary Tissue,non_neural
GTEX-1IDJU-0008-SM-F33ZC,GTEX-1IDJU,65.0,47.937366,-17.062634000000003,Cells - Cultured fibroblasts,non_neural
GTEX-1JN1M-0426-SM-CY8IN,GTEX-1JN1M,65.0,47.886127,-17.113872999999998,Artery - Tibial,non_neural
GTEX-11DXZ-2526-SM-5N9BG,GTEX-11DXZ,55.0,37.801666,-17.198334000000003,Nerve - Tibial,neural
GTEX-13113-2026-SM-5LZU3,GTEX-13113,65.0,47.796844,-17.203156,Nerve - Tibial,neural
GTEX-1MUQO-0005-SM-DKPPT,GTEX-1MUQO,65.0,47.777794,-17.222206,Whole Blood,non_neural
GTEX-117YX-1726-SM-5GZZS,GTEX-117YX,55.0,37.758553,-17.241447,Artery - Coronary,non_neural
GTEX-XLM4-3126-SM-4AT6M,GTEX-XLM4,65.0,47.671333,-17.328667000000003,Pituitary,non_neural
GTEX-13SLW-0826-SM-5QGP7,GTEX-13SLW,75.0,57.51984,-17.480159999999998,Heart - Atrial Appendage,non_neural
GTEX-ZLV1-0926-SM-5S2MR,GTEX-ZLV1,65.0,47.392178,-17.607822,Adipose - Visceral (Omentum),non_neural
GTEX-1CB4F-0926-SM-7DHMJ,GTEX-1CB4F,65.0,47.3553,-17.6447,Lung,non_neural
GTEX-1S82P-0008-SM-HPAF6,GTEX-1S82P,65.0,47.315773,-17.684227,Cells - Cultured fibroblasts,non_neural
GTEX-ZLV1-2126-SM-4WWD2,GTEX-ZLV1,65.0,47.101227,-17.898773,Muscle - Skeletal,non_neural
GTEX-1HR9M-0005-SM-AHZ26,GTEX-1HR9M,65.0,47.095463,-17.904536999999998,Whole Blood,non_neural
GTEX-13N1W-0126-SM-5K7VT,GTEX-13N1W,75.0,57.074684,-17.925316000000002,Skin - Sun Exposed (Lower leg),non_neural
GTEX-16MT9-0008-SM-EAZC8,GTEX-16MT9,65.0,47.041016,-17.958984,Cells - Cultured fibroblasts,non_neural
GTEX-1ICG6-1526-SM-C1YQT,GTEX-1ICG6,75.0,57.01442,-17.98558,Ovary,non_neural
GTEX-16XZY-1026-SM-HAV39,GTEX-16XZY,75.0,56.97822,-18.02178,Kidney - Cortex,non_neural
GTEX-132QS-2426-SM-62LFI,GTEX-132QS,65.0,46.888702,-18.111298,Nerve - Tibial,neural
GTEX-11ZTT-0008-SM-5S2TZ,GTEX-11ZTT,65.0,46.853188,-18.146812,Cells - Cultured fibroblasts,non_neural
GTEX-1K2DA-1226-SM-CGQGH,GTEX-1K2DA,55.0,36.762085,-18.237915,Prostate,non_neural
GTEX-REY6-1426-SM-48FDK,GTEX-REY6,65.0,46.59702,-18.40298,Esophagus - Muscularis,non_neural
GTEX-14JIY-3326-SM-6871E,GTEX-14JIY,65.0,46.546005,-18.453995,Colon - Transverse,non_neural
GTEX-1H1DG-1226-SM-9JGH3,GTEX-1H1DG,75.0,56.4729,-18.5271,Esophagus - Mucosa,non_neural
GTEX-1BAJH-0626-SM-7P8OY,GTEX-1BAJH,75.0,56.42278,-18.57722,Prostate,non_neural
GTEX-RWS6-0226-SM-2XCA9,GTEX-RWS6,65.0,46.265015,-18.734985,Lung,non_neural
GTEX-1EWIQ-0011-R6a-SM-ARU8G,GTEX-1EWIQ,75.0,56.19874,-18.80126,Brain - Nucleus accumbens (basal ganglia),neural
GTEX-REY6-0326-SM-2TF5A,GTEX-REY6,65.0,45.809086,-19.190914,Adipose - Subcutaneous,non_neural
GTEX-148VI-0526-SM-5TDDG,GTEX-148VI,65.0,45.51591,-19.48409,Thyroid,non_neural
GTEX-16XZY-0526-SM-7DHKY,GTEX-16XZY,75.0,55.49877,-19.50123,Heart - Atrial Appendage,non_neural
GTEX-13SLW-0626-SM-5Q5ER,GTEX-13SLW,75.0,55.25491,-19.74509,Skin - Not Sun Exposed (Suprapubic),non_neural
GTEX-1OKEX-1326-SM-E9J2U,GTEX-1OKEX,65.0,45.243122,-19.756878,Esophagus - Mucosa,non_neural
GTEX-12BJ1-0008-SM-5TDBZ,GTEX-12BJ1,65.0,44.946636,-20.053364,Cells - Cultured fibroblasts,non_neural
GTEX-1ICG6-1826-SM-AHZ2O,GTEX-1ICG6,75.0,54.91001,-20.08999,Stomach,non_neural
GTEX-15CHC-0006-SM-7P8RG,GTEX-15CHC,65.0,44.88795,-20.112050000000004,Whole Blood,non_neural
GTEX-1C64O-0006-SM-7PC22,GTEX-1C64O,65.0,44.77632,-20.22368,Whole Blood,non_neural
GTEX-147GR-2726-SM-664OO,GTEX-147GR,65.0,44.402443,-20.597557,Colon - Transverse,non_neural
GTEX-RU72-0008-SM-46MV8,GTEX-RU72,55.0,33.92413,-21.07587,Cells - Cultured fibroblasts,non_neural
GTEX-1GZ2Q-2926-SM-7PBZL,GTEX-1GZ2Q,45.0,23.726551,-21.273449,Esophagus - Gastroesophageal Junction,non_neural
GTEX-1AX8Z-5004-SM-ARZLD,GTEX-1AX8Z,65.0,43.21192,-21.78808,Muscle - Skeletal,non_neural
GTEX-12WSF-1526-SM-6PAN6,GTEX-12WSF,75.0,53.206863,-21.793137,Adipose - Visceral (Omentum),non_neural
GTEX-1122O-0003-SM-5Q5DL,GTEX-1122O,65.0,43.01927,-21.98073,Cells - EBV-transformed lymphocytes,non_neural
GTEX-139T8-0826-SM-G8OLO,GTEX-139T8,65.0,42.631886,-22.368114,Breast - Mammary Tissue,non_neural
GTEX-RVPV-0008-SM-47JYW,GTEX-RVPV,65.0,42.098564,-22.901436,Cells - Cultured fibroblasts,non_neural
GTEX-1IDJH-2926-SM-C1YQ5,GTEX-1IDJH,75.0,51.835453,-23.164547,Pituitary,non_neural
GTEX-1GF9W-0126-SM-7PC12,GTEX-1GF9W,65.0,41.79345,-23.20655,Nerve - Tibial,neural
GTEX-XYKS-0002-SM-4BRWN,GTEX-XYKS,65.0,41.64177,-23.35823,Cells - EBV-transformed lymphocytes,non_neural
GTEX-SUCS-0008-SM-4DM53,GTEX-SUCS,75.0,51.63025,-23.369750000000003,Cells - Cultured fibroblasts,non_neural
GTEX-1CB4F-0226-SM-7EPHS,GTEX-1CB4F,65.0,41.56913,-23.43087,Spleen,non_neural
GTEX-1HCU7-0001-SM-EZ6LZ,GTEX-1HCU7,55.0,30.471107,-24.528893,Cells - EBV-transformed lymphocytes,non_neural
GTEX-1ICG6-2726-SM-CKZPN,GTEX-1ICG6,75.0,50.43371,-24.56629,Muscle - Skeletal,non_neural
GTEX-Y5V5-0001-SM-4V6FZ,GTEX-Y5V5,65.0,39.19966,-25.80034,Cells - EBV-transformed lymphocytes,non_neural
GTEX-1S82P-0003-SM-HPAE8,GTEX-1S82P,65.0,38.665386,-26.334614,Cells - EBV-transformed lymphocytes,non_neural
GTEX-OIZF-0006-SM-2I5GQ,GTEX-OIZF,65.0,37.063587,-27.936413,Whole Blood,non_neural
GTEX-15CHQ-0426-SM-HL9UE,GTEX-15CHQ,65.0,36.367664,-28.632336,Breast - Mammary Tissue,non_neural
GTEX-13OW8-0004-SM-I9BP8,GTEX-13OW8,65.0,36.3136,-28.6864,Cells - EBV-transformed lymphocytes,non_neural
GTEX-16XZY-1926-SM-H6Q7D,GTEX-16XZY,75.0,44.97235,-30.02765,Testis,non_neural
