expert,source,term_id,term_name,p_value,fdr,gene_count
neural,GO:BP,GO:0048856,anatomical structure development,0.0009787795722479694,0.0009787795722479694,63
neural,GO:BP,GO:0032502,developmental process,0.0012531092036717545,0.0012531092036717545,66
neural,GO:BP,GO:0009653,anatomical structure morphogenesis,0.002068517034637079,0.002068517034637079,36
neural,GO:BP,GO:0032501,multicellular organismal process,0.002068517034637079,0.002068517034637079,70
neural,GO:BP,GO:0048518,positive regulation of biological process,0.003920691010746659,0.003920691010746659,61
neural,GO:BP,GO:0030029,actin filament-based process,0.004010926519775285,0.004010926519775285,17
neural,GO:BP,GO:0048646,anatomical structure formation involved in morphogenesis,0.004010926519775285,0.004010926519775285,21
neural,GO:BP,GO:0048522,positive regulation of cellular process,0.005656788024636745,0.005656788024636745,57
neural,GO:BP,GO:0050793,regulation of developmental process,0.005656788024636745,0.005656788024636745,32
neural,GO:BP,GO:0050896,response to stimulus,0.007313365495410831,0.007313365495410831,78
neural,GO:BP,GO:0097435,supramolecular fiber organization,0.007313365495410831,0.007313365495410831,16
neural,GO:BP,GO:0030036,actin cytoskeleton organization,0.007389695274069755,0.007389695274069755,15
neural,GO:BP,GO:0048513,animal organ development,0.007883013146691898,0.007883013146691898,36
neural,GO:BP,GO:0051239,regulation of multicellular organismal process,0.009056096919829348,0.009056096919829348,35
neural,GO:BP,GO:0061061,muscle structure development,0.01125303037447065,0.01125303037447065,14
neural,GO:BP,GO:1902476,chloride transmembrane transport,0.01125303037447065,0.01125303037447065,6
neural,GO:BP,GO:0032835,glomerulus development,0.013660363917304059,0.013660363917304059,5
neural,GO:BP,GO:0043502,regulation of muscle adaptation,0.015625852080678012,0.015625852080678012,5
neural,GO:BP,GO:0007010,cytoskeleton organization,0.015625852080678012,0.015625852080678012,22
neural,GO:BP,GO:0044057,regulation of system process,0.015625852080678012,0.015625852080678012,12
neural,GO:BP,GO:0085029,extracellular matrix assembly,0.015625852080678012,0.015625852080678012,4
neural,GO:BP,GO:0007275,multicellular organism development,0.015625852080678012,0.015625852080678012,47
neural,GO:BP,GO:0007166,cell surface receptor signaling pathway,0.015625852080678012,0.015625852080678012,33
neural,GO:BP,GO:0006821,chloride transport,0.015625852080678012,0.015625852080678012,6
neural,GO:BP,GO:0071288,cellular response to mercury ion,0.015625852080678012,0.015625852080678012,2
neural,GO:BP,GO:0048731,system development,0.016415411773373707,0.016415411773373707,42
neural,GO:BP,GO:0009888,tissue development,0.018057941128188072,0.018057941128188072,26
neural,GO:BP,GO:0007417,central nervous system development,0.018577904965039735,0.018577904965039735,17
neural,GO:BP,GO:0007507,heart development,0.026701265213521317,0.026701265213521317,12
neural,GO:BP,GO:0035239,tube morphogenesis,0.02801309629680965,0.02801309629680965,15
neural,GO:BP,GO:0030154,cell differentiation,0.02813518161267474,0.02813518161267474,44
neural,GO:BP,GO:0035295,tube development,0.02813518161267474,0.02813518161267474,17
neural,GO:BP,GO:0051240,positive regulation of multicellular organismal process,0.02813518161267474,0.02813518161267474,22
neural,GO:BP,GO:0070777,D-aspartate transmembrane transport,0.02813518161267474,0.02813518161267474,2
neural,GO:BP,GO:0070779,D-aspartate import across plasma membrane,0.02813518161267474,0.02813518161267474,2
neural,GO:BP,GO:0010611,regulation of cardiac muscle hypertrophy,0.02813518161267474,0.02813518161267474,4
neural,GO:BP,GO:0048869,cellular developmental process,0.02813518161267474,0.02813518161267474,44
neural,GO:BP,GO:0048729,tissue morphogenesis,0.02813518161267474,0.02813518161267474,12
neural,GO:BP,GO:0098656,monoatomic anion transmembrane transport,0.02813518161267474,0.02813518161267474,6
neural,GO:BP,GO:0072006,nephron development,0.030424605088541754,0.030424605088541754,6
neural,GO:BP,GO:0043500,muscle adaptation,0.030424605088541754,0.030424605088541754,5
neural,GO:BP,GO:0045686,negative regulation of glial cell differentiation,0.030424605088541754,0.030424605088541754,3
neural,GO:BP,GO:0014743,regulation of muscle hypertrophy,0.030424605088541754,0.030424605088541754,4
neural,GO:BP,GO:0009220,pyrimidine ribonucleotide biosynthetic process,0.031385842819351834,0.031385842819351834,3
neural,GO:BP,GO:0048514,blood vessel morphogenesis,0.03145928742717279,0.03145928742717279,12
neural,GO:BP,GO:0043408,regulation of MAPK cascade,0.03152647103857318,0.03152647103857318,12
neural,GO:BP,GO:0010986,positive regulation of lipoprotein particle clearance,0.03152647103857318,0.03152647103857318,2
neural,GO:BP,GO:0010138,pyrimidine ribonucleotide salvage,0.03152647103857318,0.03152647103857318,2
neural,GO:BP,GO:0090461,intracellular glutamate homeostasis,0.03152647103857318,0.03152647103857318,2
neural,GO:BP,GO:0072359,circulatory system development,0.03152647103857318,0.03152647103857318,17
neural,GO:BP,GO:0044206,UMP salvage,0.03152647103857318,0.03152647103857318,2
neural,GO:BP,GO:0032262,pyrimidine nucleotide salvage,0.03152647103857318,0.03152647103857318,2
neural,GO:BP,GO:0009605,response to external stimulus,0.031779808113492194,0.031779808113492194,28
neural,GO:BP,GO:0050789,regulation of biological process,0.03404208272434903,0.03404208272434903,93
neural,GO:BP,GO:0006820,monoatomic anion transport,0.03404208272434903,0.03404208272434903,6
neural,GO:BP,GO:0000165,MAPK cascade,0.03404208272434903,0.03404208272434903,13
neural,GO:BP,GO:0015698,inorganic anion transport,0.03404208272434903,0.03404208272434903,6
neural,GO:BP,GO:0008283,cell population proliferation,0.03414230784033877,0.03414230784033877,24
neural,GO:BP,GO:0008655,pyrimidine-containing compound salvage,0.03598239600632484,0.03598239600632484,2
neural,GO:BP,GO:0010889,regulation of triglyceride storage,0.03598239600632484,0.03598239600632484,2
neural,GO:BP,GO:0007155,cell adhesion,0.03598239600632484,0.03598239600632484,20
neural,GO:BP,GO:0042940,D-amino acid transport,0.03598239600632484,0.03598239600632484,2
neural,GO:BP,GO:0006575,modified amino acid metabolic process,0.03598239600632484,0.03598239600632484,6
neural,GO:BP,GO:0001822,kidney development,0.03598239600632484,0.03598239600632484,8
neural,GO:BP,GO:0045861,negative regulation of proteolysis,0.036349187084731775,0.036349187084731775,4
neural,GO:BP,GO:0042127,regulation of cell population proliferation,0.03832593292343669,0.03832593292343669,21
neural,GO:BP,GO:0003208,cardiac ventricle morphogenesis,0.04066198831693554,0.04066198831693554,4
neural,GO:BP,GO:0009607,response to biotic stimulus,0.04066198831693554,0.04066198831693554,21
neural,GO:BP,GO:0072009,nephron epithelium development,0.04066198831693554,0.04066198831693554,5
neural,GO:BP,GO:0072001,renal system development,0.040678735441414725,0.040678735441414725,8
neural,GO:BP,GO:0030730,triglyceride storage,0.041026304682649714,0.041026304682649714,2
neural,GO:BP,GO:0045602,negative regulation of endothelial cell differentiation,0.041026304682649714,0.041026304682649714,2
neural,GO:BP,GO:2000427,positive regulation of apoptotic cell clearance,0.041026304682649714,0.041026304682649714,2
neural,GO:BP,GO:0002009,morphogenesis of an epithelium,0.041026304682649714,0.041026304682649714,10
neural,GO:BP,GO:0060325,face morphogenesis,0.04216306354524504,0.04216306354524504,3
neural,GO:BP,GO:0009218,pyrimidine ribonucleotide metabolic process,0.045434101218888696,0.045434101218888696,3
neural,GO:BP,GO:0080144,intracellular amino acid homeostasis,0.04741330936693522,0.04741330936693522,2
neural,GO:BP,GO:0046942,carboxylic acid transport,0.04741330936693522,0.04741330936693522,8
neural,GO:BP,GO:0006221,pyrimidine nucleotide biosynthetic process,0.04741330936693522,0.04741330936693522,3
neural,GO:BP,GO:0015849,organic acid transport,0.04741330936693522,0.04741330936693522,8
neural,GO:BP,GO:0072014,proximal tubule development,0.04741330936693522,0.04741330936693522,2
neural,GO:BP,GO:0072239,metanephric glomerulus vasculature development,0.04741330936693522,0.04741330936693522,2
neural,GO:BP,GO:0051093,negative regulation of developmental process,0.048586123863111313,0.048586123863111313,14
non_neural,GO:BP,GO:0048583,regulation of response to stimulus,0.0021548551968218056,0.0021548551968218056,51
non_neural,GO:BP,GO:0050896,response to stimulus,0.004054837026035944,0.004054837026035944,87
non_neural,GO:BP,GO:0007155,cell adhesion,0.0046111961212756195,0.0046111961212756195,26
non_neural,GO:BP,GO:0050789,regulation of biological process,0.0046111961212756195,0.0046111961212756195,107
non_neural,GO:BP,GO:0002701,negative regulation of production of molecular mediator of immune response,0.00520084382531214,0.00520084382531214,5
non_neural,GO:BP,GO:0007166,cell surface receptor signaling pathway,0.0055363746728376295,0.0055363746728376295,38
non_neural,GO:BP,GO:0032501,multicellular organismal process,0.005586076910065641,0.005586076910065641,73
non_neural,GO:BP,GO:0002682,regulation of immune system process,0.005586076910065641,0.005586076910065641,26
non_neural,GO:BP,GO:0065007,biological regulation,0.006592260384778194,0.006592260384778194,108
non_neural,GO:BP,GO:0141124,intracellular signaling cassette,0.008929506298793286,0.008929506298793286,28
non_neural,GO:BP,GO:0009605,response to external stimulus,0.010258992569073061,0.010258992569073061,33
non_neural,GO:BP,GO:0023052,signaling,0.010327104260880017,0.010327104260880017,66
non_neural,GO:BP,GO:0009966,regulation of signal transduction,0.01089794513733297,0.01089794513733297,38
non_neural,GO:BP,GO:0007154,cell communication,0.01089794513733297,0.01089794513733297,66
non_neural,GO:BP,GO:0002697,regulation of immune effector process,0.012364622861828099,0.012364622861828099,11
non_neural,GO:BP,GO:0050865,regulation of cell activation,0.012934796014839014,0.012934796014839014,14
non_neural,GO:BP,GO:0010646,regulation of cell communication,0.014443122803557603,0.014443122803557603,41
non_neural,GO:BP,GO:0050794,regulation of cellular process,0.014443122803557603,0.014443122803557603,101
non_neural,GO:BP,GO:0023051,regulation of signaling,0.014443122803557603,0.014443122803557603,41
non_neural,GO:BP,GO:0044419,biological process involved in interspecies interaction between organisms,0.014443122803557603,0.014443122803557603,26
non_neural,GO:BP,GO:0043207,response to external biotic stimulus,0.01466113448206123,0.01466113448206123,24
non_neural,GO:BP,GO:0002376,immune system process,0.01466113448206123,0.01466113448206123,36
non_neural,GO:BP,GO:0051707,response to other organism,0.01466113448206123,0.01466113448206123,24
non_neural,GO:BP,GO:0099185,postsynaptic intermediate filament cytoskeleton organization,0.01466113448206123,0.01466113448206123,2
non_neural,GO:BP,GO:0051239,regulation of multicellular organismal process,0.01466113448206123,0.01466113448206123,36
non_neural,GO:BP,GO:0033693,neurofilament bundle assembly,0.01466113448206123,0.01466113448206123,2
non_neural,GO:BP,GO:0007165,signal transduction,0.01466113448206123,0.01466113448206123,61
non_neural,GO:BP,GO:0002440,production of molecular mediator of immune response,0.01466113448206123,0.01466113448206123,8
non_neural,GO:BP,GO:0032502,developmental process,0.01521456433527321,0.01521456433527321,64
non_neural,GO:BP,GO:0002921,negative regulation of humoral immune response,0.015512458327156127,0.015512458327156127,3
non_neural,GO:BP,GO:0002683,negative regulation of immune system process,0.015512458327156127,0.015512458327156127,12
non_neural,GO:BP,GO:0002698,negative regulation of immune effector process,0.015512458327156127,0.015512458327156127,6
non_neural,GO:BP,GO:0016477,cell migration,0.015512458327156127,0.015512458327156127,23
non_neural,GO:BP,GO:0070232,regulation of T cell apoptotic process,0.015512458327156127,0.015512458327156127,4
non_neural,GO:BP,GO:0051716,cellular response to stimulus,0.01606699567272264,0.01606699567272264,70
non_neural,GO:BP,GO:0043031,negative regulation of macrophage activation,0.016190031424239016,0.016190031424239016,3
non_neural,GO:BP,GO:0009607,response to biotic stimulus,0.016190031424239016,0.016190031424239016,24
non_neural,GO:BP,GO:0002274,myeloid leukocyte activation,0.016190031424239016,0.016190031424239016,8
non_neural,GO:BP,GO:0050776,regulation of immune response,0.017016498508849946,0.017016498508849946,17
non_neural,GO:BP,GO:0006952,defense response,0.01728313400327226,0.01728313400327226,26
non_neural,GO:BP,GO:0070235,regulation of activation-induced cell death of T cells,0.017589630582145053,0.017589630582145053,2
non_neural,GO:BP,GO:2000106,regulation of leukocyte apoptotic process,0.02092001244551717,0.02092001244551717,5
non_neural,GO:BP,GO:0032101,regulation of response to external stimulus,0.021118618754164337,0.021118618754164337,18
non_neural,GO:BP,GO:0002700,regulation of production of molecular mediator of immune response,0.02133416533044166,0.02133416533044166,7
non_neural,GO:BP,GO:0140546,defense response to symbiont,0.0220233574743564,0.0220233574743564,18
non_neural,GO:BP,GO:0098542,defense response to other organism,0.02512968502694232,0.02512968502694232,18
non_neural,GO:BP,GO:0097112,gamma-aminobutyric acid receptor clustering,0.02512968502694232,0.02512968502694232,2
non_neural,GO:BP,GO:2000107,negative regulation of leukocyte apoptotic process,0.02512968502694232,0.02512968502694232,4
non_neural,GO:BP,GO:0031347,regulation of defense response,0.02512968502694232,0.02512968502694232,15
non_neural,GO:BP,GO:0002694,regulation of leukocyte activation,0.02512968502694232,0.02512968502694232,12
non_neural,GO:BP,GO:0048856,anatomical structure development,0.025671303521168136,0.025671303521168136,58
non_neural,GO:BP,GO:0007010,cytoskeleton organization,0.025671303521168136,0.025671303521168136,22
non_neural,GO:BP,GO:0048513,animal organ development,0.028084816213143605,0.028084816213143605,35
non_neural,GO:BP,GO:0043030,regulation of macrophage activation,0.028099942453253438,0.028099942453253438,4
non_neural,GO:BP,GO:0048584,positive regulation of response to stimulus,0.028099942453253438,0.028099942453253438,29
non_neural,GO:BP,GO:0070233,negative regulation of T cell apoptotic process,0.029234430038674417,0.029234430038674417,3
non_neural,GO:BP,GO:0035787,cell migration involved in kidney development,0.030815279434928674,0.030815279434928674,2
non_neural,GO:BP,GO:0014910,regulation of smooth muscle cell migration,0.030815279434928674,0.030815279434928674,4
non_neural,GO:BP,GO:0070231,T cell apoptotic process,0.030880398312210695,0.030880398312210695,4
non_neural,GO:BP,GO:0042116,macrophage activation,0.030880398312210695,0.030880398312210695,5
non_neural,GO:BP,GO:0001817,regulation of cytokine production,0.030880398312210695,0.030880398312210695,14
non_neural,GO:BP,GO:0048519,negative regulation of biological process,0.030880398312210695,0.030880398312210695,56
non_neural,GO:BP,GO:0070228,regulation of lymphocyte apoptotic process,0.03175327503321144,0.03175327503321144,4
non_neural,GO:BP,GO:0001816,cytokine production,0.03185246070103338,0.03185246070103338,14
non_neural,GO:BP,GO:0048585,negative regulation of response to stimulus,0.03185246070103338,0.03185246070103338,23
non_neural,GO:BP,GO:0048523,negative regulation of cellular process,0.0324273050699665,0.0324273050699665,54
non_neural,GO:BP,GO:0032680,regulation of tumor necrosis factor production,0.03309708834824736,0.03309708834824736,6
non_neural,GO:BP,GO:0032640,tumor necrosis factor production,0.03309708834824736,0.03309708834824736,6
non_neural,GO:BP,GO:0051174,regulation of phosphorus metabolic process,0.03309708834824736,0.03309708834824736,13
non_neural,GO:BP,GO:0045445,myoblast differentiation,0.03542456901014653,0.03542456901014653,5
non_neural,GO:BP,GO:0002252,immune effector process,0.03542456901014653,0.03542456901014653,13
non_neural,GO:BP,GO:0014909,smooth muscle cell migration,0.03639341391706818,0.03639341391706818,4
non_neural,GO:BP,GO:0071706,tumor necrosis factor superfamily cytokine production,0.03639341391706818,0.03639341391706818,6
non_neural,GO:BP,GO:1903555,regulation of tumor necrosis factor superfamily cytokine production,0.03639341391706818,0.03639341391706818,6
non_neural,GO:BP,GO:0050900,leukocyte migration,0.04050767725658902,0.04050767725658902,9
non_neural,GO:BP,GO:0071887,leukocyte apoptotic process,0.04050767725658902,0.04050767725658902,5
non_neural,GO:BP,GO:0045110,intermediate filament bundle assembly,0.0418650102476627,0.0418650102476627,2
non_neural,GO:BP,GO:0001788,antibody-dependent cellular cytotoxicity,0.0418650102476627,0.0418650102476627,2
non_neural,GO:BP,GO:0045087,innate immune response,0.0418650102476627,0.0418650102476627,16
non_neural,GO:BP,GO:0001775,cell activation,0.04228791927039384,0.04228791927039384,17
non_neural,GO:BP,GO:0002719,negative regulation of cytokine production involved in immune response,0.04228791927039384,0.04228791927039384,3
non_neural,GO:BP,GO:0002443,leukocyte mediated immunity,0.04228791927039384,0.04228791927039384,10
non_neural,GO:BP,GO:0032732,positive regulation of interleukin-1 production,0.04228791927039384,0.04228791927039384,4
non_neural,GO:BP,GO:0043124,negative regulation of canonical NF-kappaB signal transduction,0.04228791927039384,0.04228791927039384,4
non_neural,GO:BP,GO:0050727,regulation of inflammatory response,0.042491067316162166,0.042491067316162166,9
non_neural,GO:BP,GO:0009968,negative regulation of signal transduction,0.04319604575608324,0.04319604575608324,19
non_neural,GO:BP,GO:0019221,cytokine-mediated signaling pathway,0.04319604575608324,0.04319604575608324,11
non_neural,GO:BP,GO:0002718,regulation of cytokine production involved in immune response,0.04319604575608324,0.04319604575608324,5
non_neural,GO:BP,GO:0002367,cytokine production involved in immune response,0.04319604575608324,0.04319604575608324,5
non_neural,GO:BP,GO:0001794,type IIa hypersensitivity,0.0445665822417578,0.0445665822417578,2
non_neural,GO:BP,GO:0002445,type II hypersensitivity,0.0445665822417578,0.0445665822417578,2
non_neural,GO:BP,GO:0006955,immune response,0.0445665822417578,0.0445665822417578,26
non_neural,GO:BP,GO:0031954,positive regulation of protein autophosphorylation,0.0445665822417578,0.0445665822417578,2
non_neural,GO:BP,GO:0002778,antibacterial peptide production,0.0445665822417578,0.0445665822417578,2
non_neural,GO:BP,GO:0006924,activation-induced cell death of T cells,0.0445665822417578,0.0445665822417578,2
non_neural,GO:BP,GO:0030833,regulation of actin filament polymerization,0.04652525183841698,0.04652525183841698,5
non_neural,GO:BP,GO:0009719,response to endogenous stimulus,0.04652525183841698,0.04652525183841698,20
non_neural,GO:BP,GO:0048870,cell motility,0.04652525183841698,0.04652525183841698,23
non_neural,GO:BP,GO:0010935,regulation of macrophage cytokine production,0.04818847389914341,0.04818847389914341,3
non_neural,GO:BP,GO:0010934,macrophage cytokine production,0.04818847389914341,0.04818847389914341,3
non_neural,GO:BP,GO:0072678,T cell migration,0.04964105213009426,0.04964105213009426,4
