expert,ENSG,coefficient,intercept,abs_coefficient,gene_symbol
neural,ENSG00000131080,2.2900965,57.801155,2.2900965,EDA2R
neural,ENSG00000116774,-1.9001446,57.801155,1.9001446,OLFML3
neural,ENSG00000048540,1.7185978,57.801155,1.7185978,LMO3
neural,ENSG00000134853,-1.7007266,57.801155,1.7007266,PDGFRA
neural,ENSG00000111077,1.5997972,57.801155,1.5997972,TNS2
neural,ENSG00000076555,1.5010779,57.801155,1.5010779,ACACB
neural,ENSG00000128710,1.403974,57.801155,1.403974,HOXD10
neural,ENSG00000050767,-1.336258,57.801155,1.336258,COL23A1
neural,ENSG00000204278,-1.31424,57.801155,1.31424,TMEM235
neural,ENSG00000272573,-1.2959927,57.801155,1.2959927,MUSTN1
neural,ENSG00000135744,-1.2609667,57.801155,1.2609667,AGT
neural,ENSG00000130513,1.2572005,57.801155,1.2572005,GDF15
neural,ENSG00000079819,-1.2403883,57.801155,1.2403883,EPB41L2
neural,ENSG00000106078,1.234014,57.801155,1.234014,COBL
neural,ENSG00000055813,-1.2246466,57.801155,1.2246466,CCDC85A
neural,ENSG00000198624,1.1621455,57.801155,1.1621455,CCDC69
neural,ENSG00000184905,1.1335981,57.801155,1.1335981,TCEAL2
neural,ENSG00000166523,1.1160994,57.801155,1.1160994,CLEC4E
neural,ENSG00000095970,1.1158625,57.801155,1.1158625,TREM2
neural,ENSG00000112981,1.0923419,57.801155,1.0923419,NME5
neural,ENSG00000050327,1.0840502,57.801155,1.0840502,ARHGEF5
neural,ENSG00000070159,-1.066341,57.801155,1.066341,PTPN3
neural,ENSG00000144712,1.0475668,57.801155,1.0475668,CAND2
neural,ENSG00000167614,-1.0407321,57.801155,1.0407321,TTYH1
neural,ENSG00000132514,-1.0242457,57.801155,1.0242457,CLEC10A
neural,ENSG00000167995,1.0036902,57.801155,1.0036902,BEST1
neural,ENSG00000107551,-0.98546034,57.801155,0.98546034,RASSF4
neural,ENSG00000214063,-0.9693304,57.801155,0.9693304,TSPAN4
neural,ENSG00000182195,-0.9685172,57.801155,0.9685172,LDOC1
neural,ENSG00000101384,0.96238273,57.801155,0.96238273,JAG1
neural,ENSG00000149798,-0.9383137,57.801155,0.9383137,CDC42EP2
neural,ENSG00000204287,0.91903085,57.801155,0.91903085,HLA-DRA
neural,ENSG00000277494,0.9093289,57.801155,0.9093289,GPIHBP1
neural,ENSG00000187837,0.9066495,57.801155,0.9066495,H1-2
neural,ENSG00000106018,0.90577275,57.801155,0.90577275,VIPR2
neural,ENSG00000134762,0.8919571,57.801155,0.8919571,DSC3
neural,ENSG00000182636,-0.877625,57.801155,0.877625,NDN
neural,ENSG00000146966,-0.8736462,57.801155,0.8736462,DENND2A
neural,ENSG00000309476,0.8675586,57.801155,0.8675586,ENSG00000309476
neural,ENSG00000170525,0.863165,57.801155,0.863165,PFKFB3
neural,ENSG00000106853,-0.85856426,57.801155,0.85856426,PTGR1
neural,ENSG00000148175,0.85467154,57.801155,0.85467154,STOM
neural,ENSG00000054219,-0.8495677,57.801155,0.8495677,LY75
neural,ENSG00000160213,0.84850997,57.801155,0.84850997,CSTB
neural,ENSG00000187922,0.84576625,57.801155,0.84576625,LCN10
neural,ENSG00000110427,-0.84528285,57.801155,0.84528285,KIAA1549L
neural,ENSG00000021355,-0.84255904,57.801155,0.84255904,SERPINB1
neural,ENSG00000064989,0.8403299,57.801155,0.8403299,CALCRL
neural,ENSG00000144837,-0.8386791,57.801155,0.8386791,PLA1A
neural,ENSG00000124920,0.8351943,57.801155,0.8351943,MYRF
non_neural,ENSG00000131080,4.166764,52.66136,4.166764,EDA2R
non_neural,ENSG00000048540,4.001153,52.66136,4.001153,LMO3
non_neural,ENSG00000156959,3.3579657,52.66136,3.3579657,LHFPL4
non_neural,ENSG00000100285,-2.8534164,52.66136,2.8534164,NEFH
non_neural,ENSG00000184905,2.505139,52.66136,2.505139,TCEAL2
non_neural,ENSG00000114631,-2.3571782,52.66136,2.3571782,PODXL2
non_neural,ENSG00000113810,-2.1571715,52.66136,2.1571715,SMC4
non_neural,ENSG00000163239,2.1494222,52.66136,2.1494222,TDRD10
non_neural,ENSG00000104723,-1.9880999,52.66136,1.9880999,TUSC3
non_neural,ENSG00000186462,1.8930334,52.66136,1.8930334,NAP1L2
non_neural,ENSG00000071205,-1.8726422,52.66136,1.8726422,ARHGAP10
non_neural,ENSG00000162738,-1.8372635,52.66136,1.8372635,VANGL2
non_neural,ENSG00000160801,1.7513795,52.66136,1.7513795,PTH1R
non_neural,ENSG00000180155,-1.7193438,52.66136,1.7193438,LYNX1
non_neural,ENSG00000262877,-1.7085415,52.66136,1.7085415,ENSG00000262877
non_neural,ENSG00000127990,-1.6890087,52.66136,1.6890087,SGCE
non_neural,ENSG00000021300,1.6420188,52.66136,1.6420188,PLEKHB1
non_neural,ENSG00000155962,1.6201669,52.66136,1.6201669,CLIC2
non_neural,ENSG00000169604,-1.5868456,52.66136,1.5868456,ANTXR1
non_neural,ENSG00000229807,-1.5773847,52.66136,1.5773847,XIST
non_neural,ENSG00000146674,1.5630894,52.66136,1.5630894,IGFBP3
non_neural,ENSG00000149131,-1.544189,52.66136,1.544189,SERPING1
non_neural,ENSG00000172059,1.5422672,52.66136,1.5422672,KLF11
non_neural,ENSG00000105639,-1.5138543,52.66136,1.5138543,JAK3
non_neural,ENSG00000104518,-1.481149,52.66136,1.481149,GSDMD
non_neural,ENSG00000276855,-1.4297743,52.66136,1.4297743,ENSG00000276855
non_neural,ENSG00000172936,-1.4241915,52.66136,1.4241915,MYD88
non_neural,ENSG00000070404,-1.4153366,52.66136,1.4153366,FSTL3
non_neural,ENSG00000134533,1.3722106,52.66136,1.3722106,RERG
non_neural,ENSG00000070526,1.3661146,52.66136,1.3661146,ST6GALNAC1
non_neural,ENSG00000069122,-1.3621415,52.66136,1.3621415,ADGRF5
non_neural,ENSG00000172349,-1.3504727,52.66136,1.3504727,IL16
non_neural,ENSG00000170837,-1.3417786,52.66136,1.3417786,GPR27
non_neural,ENSG00000115138,-1.3333864,52.66136,1.3333864,POMC
non_neural,ENSG00000146054,1.3279444,52.66136,1.3279444,TRIM7
non_neural,ENSG00000163017,-1.3226012,52.66136,1.3226012,ACTG2
non_neural,ENSG00000204851,-1.3081622,52.66136,1.3081622,PNMA8B
non_neural,ENSG00000205560,1.2966826,52.66136,1.2966826,CPT1B
non_neural,ENSG00000007933,1.2949487,52.66136,1.2949487,FMO3
non_neural,ENSG00000148468,-1.2899854,52.66136,1.2899854,FAM171A1
non_neural,ENSG00000165810,1.2849685,52.66136,1.2849685,BTNL9
non_neural,ENSG00000182107,-1.2804369,52.66136,1.2804369,TMEM30B
non_neural,ENSG00000211772,-1.2688302,52.66136,1.2688302,TRBC2
non_neural,ENSG00000008283,1.2677178,52.66136,1.2677178,CYB561
non_neural,ENSG00000117013,1.2484152,52.66136,1.2484152,KCNQ4
non_neural,ENSG00000090376,1.2447369,52.66136,1.2447369,IRAK3
non_neural,ENSG00000137709,1.241851,52.66136,1.241851,POU2F3
non_neural,ENSG00000139200,-1.2347517,52.66136,1.2347517,PIANP
non_neural,ENSG00000114378,1.2341535,52.66136,1.2341535,HYAL1
non_neural,ENSG00000160188,1.2275344,52.66136,1.2275344,RSPH1
